closure_group_id,rca,ur,graph_children,length_m,lat,lon
{c2457080-760f-46ef-bbf8-04bbe1b5710c},Waka Kotahi NZ Transport Agency,rural,7,20083,-38.03697,175.86016
{9ee590ad-9196-46e6-96fe-951494c66007},Waka Kotahi NZ Transport Agency,rural,8,18645,-40.96553,174.98583
{a2e27eae-ee3e-42bc-82ca-3ac6d2d2f291},Waka Kotahi NZ Transport Agency,rural,7,18642,-40.95538,174.98836
{9ff65e55-1e64-4cca-bb01-24ec1c029384},Waka Kotahi NZ Transport Agency,rural,8,17233,-42.98333,170.68634
{1073a927-4c97-4c9a-b41a-bf6f5edf0cad},Waka Kotahi NZ Transport Agency,rural,17,17147,-38.34162,175.88442
{4f17ad7c-b9f3-4d0a-bc1c-61ff7f76885a},Waka Kotahi NZ Transport Agency,rural,17,16052,-40.04073,175.63365
{43684676-85ba-45dc-8750-c02678ecc152},Waka Kotahi NZ Transport Agency,rural,3,16006,-41.11132,174.92030
{395442d9-df69-4453-9fac-a1c2b0a14a83},Waka Kotahi NZ Transport Agency,rural,10,15685,-43.93409,169.04257
{03522212-a721-4f79-a4da-1ddc63b963e1},Waka Kotahi NZ Transport Agency,rural,13,14984,-44.06814,170.36085
{d7dd1c5d-4c08-4416-9beb-0083af85c5d8},Waka Kotahi NZ Transport Agency,rural,15,14225,-38.99390,175.33618
{4be3284c-5926-49ae-ab52-4bf596b802d6},Waka Kotahi NZ Transport Agency,rural,10,13847,-37.88404,176.62416
{ffc98409-91bd-4bab-92d6-8f8c91784e8b},Waka Kotahi NZ Transport Agency,rural,4,13438,-45.49070,170.12493
{fe04870b-97f3-4084-92d6-00f5cdd9a822},Waka Kotahi NZ Transport Agency,rural,8,13376,-38.42751,175.81105
{8480c92a-d8ba-4996-8f6e-a4091026583a},Waka Kotahi NZ Transport Agency,rural,9,12763,-38.32556,175.82308
{03aa7401-fb74-4501-90c2-dece5fc87476},Waka Kotahi NZ Transport Agency,rural,20,12476,-38.08513,175.15707
{68339780-74d9-4185-b8e1-12eafe259cc3},Waka Kotahi NZ Transport Agency,rural,17,12451,-45.11469,170.01099
{5fa30dd9-c8e3-4e45-ad43-bc0fb9a54fb7},Waka Kotahi NZ Transport Agency,rural,22,12117,-37.61616,175.60375
{d9175a76-6d81-425e-90be-48324d665d87},Waka Kotahi NZ Transport Agency,rural,18,12116,-38.05360,176.90308
{57227307-38fc-4b8a-ad67-2b4ca3ef12e2},Waka Kotahi NZ Transport Agency,rural,12,12014,-38.12535,178.29228
{5c2f318d-4d30-4278-9199-95d6675ef78c},Waka Kotahi NZ Transport Agency,rural,5,11955,-38.18784,178.25938
{1e72bedd-4758-4a21-b7fb-616113340d91},Waka Kotahi NZ Transport Agency,rural,8,11946,-41.22343,174.86431
{d68a613f-e1a2-4661-9b14-0fb743498f03},Waka Kotahi NZ Transport Agency,rural,13,11938,-41.22379,174.86007
{390389ce-5cc1-4836-a345-4018f458b668},Waka Kotahi NZ Transport Agency,rural,3,11751,-40.80777,175.11757
{71232b9b-7e1b-47d4-8de7-1fe4cf547c7d},Waka Kotahi NZ Transport Agency,rural,13,11644,-40.28138,175.44198
{12efecd2-8348-48b7-92bf-b486095d7b01},Waka Kotahi NZ Transport Agency,rural,8,11612,-38.50948,175.37967
{e86255b1-3bea-437b-9626-099d919d5316},Waka Kotahi NZ Transport Agency,rural,9,11462,-36.75920,175.52370
{0f4b04a0-096c-4453-9ed8-871993679c9b},Waka Kotahi NZ Transport Agency,rural,2,11359,-36.67162,174.66295
{a5a2e975-afd9-48c6-b6a4-0f704a148006},Waka Kotahi NZ Transport Agency,rural,3,11201,-38.80432,174.59214
{12b82244-c5b1-4e85-952f-bf44593bacb9},Waka Kotahi NZ Transport Agency,rural,12,10965,-45.33989,169.30236
{cc1d9ad0-0035-411f-90e6-0f262f33051c},Waka Kotahi NZ Transport Agency,rural,6,10945,-42.10514,171.33952
{af766bd2-f910-4b84-84f1-28eb944c2184},Waka Kotahi NZ Transport Agency,rural,4,10521,-38.45391,176.59900
{444614ca-6cdc-48a5-9e29-f80ebbeb78e5},Waka Kotahi NZ Transport Agency,rural,24,10445,-38.63997,177.92158
{31190c12-3b34-4ecb-93c8-803cb02f5075},Waka Kotahi NZ Transport Agency,rural,8,10414,-38.12555,177.01976
{719ed1c0-0b26-4a5a-9b0a-99340b3861aa},Waka Kotahi NZ Transport Agency,rural,10,10222,-39.15189,174.19748
{1afb4224-9936-47ac-a450-c9ffc4544094},Waka Kotahi NZ Transport Agency,rural,11,10197,-39.24239,174.21017
{06c4602b-4ba9-4550-a49d-80e3dc024711},Waka Kotahi NZ Transport Agency,rural,17,9857,-38.03685,176.80379
{065a1c15-e526-4eea-a514-094c6e6b0ea3},Waka Kotahi NZ Transport Agency,rural,12,9818,-42.71775,173.28746
{52b1dce5-8d0f-4172-90f2-c68a4fe9b3a7},Waka Kotahi NZ Transport Agency,rural,23,9775,-38.00721,175.31004
{b0922266-87ed-4323-a9b0-132019e9038f},Waka Kotahi NZ Transport Agency,rural,12,9417,-37.52223,175.65320
{060919f6-ad35-473f-9bee-c3cff97234ee},Waka Kotahi NZ Transport Agency,rural,9,8877,-43.14639,172.72945
{14d7587d-088e-4259-9fae-0d17314f90eb},Waka Kotahi NZ Transport Agency,rural,10,8864,-42.32344,173.71526
{0c6d4f6f-123d-4867-8bd9-96280f5fc8f2},Waka Kotahi NZ Transport Agency,rural,18,8591,-39.00075,174.29570
{0abffcc2-a328-4355-bbd5-5de79ac2f3b4},Waka Kotahi NZ Transport Agency,rural,7,8558,-39.80735,175.78602
{9987eafc-d83b-49dd-ab11-2b591a6d0e52},Waka Kotahi NZ Transport Agency,rural,13,8184,-36.97767,175.45112
{09ccc2d6-ef85-48f2-9855-bd19f4b7840b},Waka Kotahi NZ Transport Agency,rural,17,8115,-37.29522,175.63973
{0e69b22a-4ac1-4cee-9eae-9e9de01d1503},Waka Kotahi NZ Transport Agency,rural,3,8088,-41.71169,172.63546
{e7fa6fc9-820f-485b-a4ec-345989788c3d},Waka Kotahi NZ Transport Agency,rural,11,8036,-45.91420,169.61740
{edac1b5f-f857-4abd-b04c-1e5851b6b60a},Waka Kotahi NZ Transport Agency,rural,17,7982,-40.41164,175.48092
{f8f85f91-af25-4c5d-bfc5-6af892018a70},Waka Kotahi NZ Transport Agency,rural,16,7978,-43.48835,172.00907
{f3134034-eaf3-4413-9956-1314fab7110d},Waka Kotahi NZ Transport Agency,rural,14,7907,-38.00449,177.19200
{ca594bf5-8adf-4966-90cb-f55d73419568},Waka Kotahi NZ Transport Agency,rural,4,7284,-41.90292,171.90218
{7310709d-d8e0-423c-971b-2a5b3c0846b1},Waka Kotahi NZ Transport Agency,rural,11,7176,-42.42233,171.40418
{014e95b6-dab3-449d-b5b6-40cc5a4cca23},Waka Kotahi NZ Transport Agency,rural,4,6971,-43.59983,171.59357
{4c1925bf-8571-4f35-950e-30df16846304},Waka Kotahi NZ Transport Agency,rural,12,6891,-39.15294,174.12020
{6f7c558f-73a6-48a6-9788-3cc45b4ce9aa},Waka Kotahi NZ Transport Agency,rural,3,6789,-43.56470,172.52204
{696cae9c-f78a-40ba-8492-8371154c009d},Waka Kotahi NZ Transport Agency,rural,4,6772,-43.56492,172.50847
{f33f3bc4-f120-4141-8336-65bcde0099b6},Waka Kotahi NZ Transport Agency,rural,2,6355,-42.76603,171.35858
{df7e9757-3cdc-4f47-830a-bbcfb59ea515},Waka Kotahi NZ Transport Agency,rural,27,6304,-43.60038,172.55999
{04bc7043-728b-47a2-b49d-068cf3dffb61},Waka Kotahi NZ Transport Agency,rural,1,6251,-41.57311,171.90377
{7666d4ed-5f0d-4822-b2b5-7769b99751f5},Waka Kotahi NZ Transport Agency,rural,10,6229,-39.02165,177.41012
{0ca3a3c0-0747-4266-aade-e43a3d2edc0d},Waka Kotahi NZ Transport Agency,rural,4,6219,-39.02028,175.65666
{eb408e81-c4df-4851-b3e4-e77fa057a652},Waka Kotahi NZ Transport Agency,rural,9,6146,-38.99663,174.39682
{6bfffae1-c78e-4535-b150-3ac67b1e895d},Waka Kotahi NZ Transport Agency,rural,12,6146,-37.98540,175.67276
{34ba9163-524e-4924-9a78-f12e0e756e51},Waka Kotahi NZ Transport Agency,rural,2,6103,-44.01174,169.38248
{0a4c2a39-94d3-4e80-8c18-49e79de41e33},Waka Kotahi NZ Transport Agency,rural,1,6097,-43.45027,170.05211
{27600619-1155-493a-9fce-065797553cb0},Waka Kotahi NZ Transport Agency,rural,9,6086,-40.31715,175.52813
{48075264-3281-41d0-b5ea-fa0d1ac5bc08},Waka Kotahi NZ Transport Agency,rural,6,5837,-42.62117,171.12983
{0f4bc57c-c805-49b9-819a-0fb2a13e422a},Waka Kotahi NZ Transport Agency,rural,9,5825,-43.27542,172.68929
{080442c1-4cf9-439e-b13f-725402c36c50},Waka Kotahi NZ Transport Agency,rural,2,5640,-43.71206,169.49687
{36d29481-ab8b-4b9e-a743-596c79e8867f},Waka Kotahi NZ Transport Agency,rural,9,5463,-37.99657,176.83107
{283220d5-785e-4404-8d58-3d0c2a953275},Waka Kotahi NZ Transport Agency,rural,7,5374,-43.77719,171.63395
{7a856886-3a6b-4c28-933d-b01f56623a15},Waka Kotahi NZ Transport Agency,rural,4,5367,-37.23254,175.40763
{7706bde4-1bf5-4907-804a-c4a2f324cbd5},Waka Kotahi NZ Transport Agency,rural,1,5246,-38.72420,176.09641
{03948c98-bb5c-4bb6-a63b-530260f36e2e},Waka Kotahi NZ Transport Agency,rural,8,5168,-38.00077,175.77281
{6e814312-0806-4d3e-9bed-a524ce132a09},Waka Kotahi NZ Transport Agency,rural,3,5139,-38.66756,178.09857
{9f465236-cd6a-4f1d-9ece-55df0489045e},Waka Kotahi NZ Transport Agency,rural,11,5007,-37.03015,175.50748
{b83a2104-7f38-47b9-9579-d9de4ee01aeb},Waka Kotahi NZ Transport Agency,rural,14,5006,-37.90343,175.85354
{076902d9-8063-46ce-a2f1-6bdbea99b5f2},Waka Kotahi NZ Transport Agency,rural,11,4968,-42.46245,171.26721
{18836889-d6bc-44b5-bba3-fa951a1c704e},Waka Kotahi NZ Transport Agency,rural,21,4925,-42.51232,171.16760
{26414722-10e0-4409-b946-a9c848f03198},Waka Kotahi NZ Transport Agency,rural,3,4885,-38.43117,176.51633
{b4c25eeb-1c6b-46fd-be6e-442e2808696b},Waka Kotahi NZ Transport Agency,rural,6,4851,-42.18061,171.72753
{f9d81478-7c35-4635-8fb0-918604608e7c},Waka Kotahi NZ Transport Agency,rural,8,4823,-38.23561,175.18797
{2d546c0d-8858-44ff-92ae-e9f1987fbb1e},Waka Kotahi NZ Transport Agency,rural,7,4765,-46.16324,169.83036
{f2abbc8e-ca28-401e-a045-59079421a9b1},Waka Kotahi NZ Transport Agency,rural,5,4740,-40.27614,175.55650
{0f9e4423-9bc8-413f-a329-cdb494b41ab5},Waka Kotahi NZ Transport Agency,rural,5,4650,-41.27723,174.77337
{6b17d126-383f-4d26-9280-941f666e41d0},Waka Kotahi NZ Transport Agency,rural,14,4521,-38.08406,176.70072
{65bbe984-1e2d-476e-b2f3-656ece553082},Waka Kotahi NZ Transport Agency,rural,6,4465,-41.08367,174.86873
{4f4d58aa-06c7-410b-bd3b-3b190a8e0787},Waka Kotahi NZ Transport Agency,rural,1,4451,-44.09016,169.36783
{d7aae068-899c-447b-b53b-b46fda904d92},Waka Kotahi NZ Transport Agency,rural,3,4417,-43.15651,170.50710
{5be88d13-14e9-489b-bb03-1bdd94a6bf3b},Waka Kotahi NZ Transport Agency,rural,2,4385,-43.94353,169.27378
{b2aeee58-ffa7-4d4a-af45-03c933d90634},Waka Kotahi NZ Transport Agency,rural,4,4380,-40.30765,175.55728
{00d52547-eca0-4788-8501-f4d1d6c5000b},Waka Kotahi NZ Transport Agency,rural,7,4374,-38.08217,175.34042
{3471d620-c662-4ade-8111-65f849d59635},Waka Kotahi NZ Transport Agency,rural,1,4346,-35.67553,173.57529
{836e26a4-e7e5-4c3c-98b2-d79c5b225db3},Waka Kotahi NZ Transport Agency,rural,2,4312,-43.77454,169.13447
{33ecc52f-a75a-4dbb-9c21-cce1a536db47},Waka Kotahi NZ Transport Agency,rural,9,4254,-39.02075,174.19642
{1b28c72d-657c-48b6-90a9-617399668c8d},Waka Kotahi NZ Transport Agency,rural,2,4135,-38.07287,176.66786
{4c4b8fa2-80a0-4603-84ed-6528b0822179},Waka Kotahi NZ Transport Agency,rural,4,4129,-41.70840,171.76638
{1f450202-4464-463a-8153-45541f38b011},Waka Kotahi NZ Transport Agency,rural,3,4122,-43.28502,170.30816
{794df6fb-a3b3-48af-bc29-6044f5d4e136},Waka Kotahi NZ Transport Agency,rural,4,4022,-43.15554,170.58894
{87d91b5a-d6b5-40c6-8c2b-09ab0e279ce2},Waka Kotahi NZ Transport Agency,rural,4,3998,-37.97234,176.79403
{68996f89-3b75-443d-8a88-d4bcc367f066},Waka Kotahi NZ Transport Agency,rural,10,3984,-38.69068,178.05024
{0e54740a-abaf-486a-afa3-6c3f6efa2ac1},Waka Kotahi NZ Transport Agency,rural,6,3980,-37.98068,176.76779
{bda01f2d-4765-4cd9-aecb-9b8c7c6fca07},Waka Kotahi NZ Transport Agency,rural,1,3976,-35.61227,173.54669
{30efe377-aa0a-4c39-985a-8ab0c5e8708f},Waka Kotahi NZ Transport Agency,rural,6,3958,-37.91746,178.27078
{2026aa10-7c98-4ac7-8341-97c1d394c925},Waka Kotahi NZ Transport Agency,rural,6,3943,-37.90887,175.31514
{dbfe16f6-14d7-4b51-9aaa-af66db3953ef},Waka Kotahi NZ Transport Agency,rural,4,3914,-37.16320,175.61213
{c804ae97-9517-4226-a635-517d2e1028c6},Waka Kotahi NZ Transport Agency,urban,14,3906,-43.48451,172.61624
{ed7e8924-0470-4e3f-b6b9-81b4730c200c},Waka Kotahi NZ Transport Agency,rural,11,3900,-43.48218,172.61656
{ef9a512a-be4a-4696-9aee-48ab9fb6247c},Waka Kotahi NZ Transport Agency,rural,7,3881,-38.05189,176.74301
{95c9131f-dab5-4b89-8478-9c20f2ae965a},Waka Kotahi NZ Transport Agency,rural,1,3778,-38.48626,176.05341
{c81f98dd-8610-4c31-a41a-8ad87864fa7d},Waka Kotahi NZ Transport Agency,rural,3,3702,-37.92474,175.67910
{00f250d1-fd59-479b-b536-55ad8e1771fa},Waka Kotahi NZ Transport Agency,rural,11,3697,-37.20875,175.57820
{5473ac04-d069-4856-973c-f869b17580fe},Waka Kotahi NZ Transport Agency,rural,7,3687,-37.23141,175.61068
{e96e3c16-6792-4b93-a8c2-95a0bd9168ab},Waka Kotahi NZ Transport Agency,rural,3,3648,-35.62300,173.84144
{607a181f-e296-4268-8467-fd3b1995dcc5},Waka Kotahi NZ Transport Agency,rural,12,3503,-40.38843,175.63693
{23c1be12-0422-4177-b295-ea257197e0f1},Waka Kotahi NZ Transport Agency,rural,4,3502,-42.02206,171.86929
{9ca337c9-9b50-42a2-9bc2-87da701018e0},Waka Kotahi NZ Transport Agency,rural,4,3447,-35.54028,173.83261
{c1280b3b-6167-4b23-aafd-7f14b928255c},Waka Kotahi NZ Transport Agency,rural,2,3435,-43.43867,172.62405
{7a8b2370-e6d6-49ff-8b8e-c72830eb85e1},Waka Kotahi NZ Transport Agency,rural,9,3423,-40.40748,175.60754
{052daf1a-882b-4940-98ca-a3ce03241824},Waka Kotahi NZ Transport Agency,rural,1,3405,-37.15611,175.69203
{c570251d-3b57-4ab4-88d0-806e0a5028c9},Waka Kotahi NZ Transport Agency,rural,1,3404,-42.78297,171.60807
{c9d6dee3-3b79-4493-b600-d1444d27cbed},Waka Kotahi NZ Transport Agency,rural,5,3384,-38.70573,177.91250
{e7543623-95a0-404a-9523-1e21ac910b8d},Waka Kotahi NZ Transport Agency,rural,3,3373,-42.33846,171.57412
{b73e56d8-83a6-4fe0-99b1-95edfc0ca338},Waka Kotahi NZ Transport Agency,rural,10,3294,-42.28404,171.67550
{faaad71d-e743-4315-96c6-19545688b0be},Waka Kotahi NZ Transport Agency,rural,4,3275,-39.30601,174.46610
{050a935f-f567-45af-90de-a9b2c8b78b42},Waka Kotahi NZ Transport Agency,rural,4,3269,-37.28544,175.34355
{1d744465-a5e1-42fc-a8be-28092a13946b},Waka Kotahi NZ Transport Agency,rural,5,3245,-42.32624,172.18415
{b20844aa-ff64-4b1e-9bb4-547cd1efa8e1},Waka Kotahi NZ Transport Agency,rural,5,3189,-35.68591,173.88844
{bc978aa2-9aaa-40b3-9c8c-27dadb354ad8},Waka Kotahi NZ Transport Agency,rural,6,3182,-37.70102,176.15103
{53a4786c-bd8f-4805-a9cd-7057a0a15b45},Waka Kotahi NZ Transport Agency,rural,1,3101,-43.40669,170.10390
{0ca90dea-866b-4da3-9880-65fa62bdb3ae},Waka Kotahi NZ Transport Agency,rural,6,3095,-37.71174,175.33792
{b71791e3-bf2c-41f0-9efe-6bbe7b77ddaa},Waka Kotahi NZ Transport Agency,rural,7,3048,-35.13949,173.33976
{0396bd63-75ea-4989-9ac8-6071d06447b7},Waka Kotahi NZ Transport Agency,rural,3,3046,-42.43696,171.36873
{8bbefa16-4f0a-4860-bb48-64bf90582244},Waka Kotahi NZ Transport Agency,rural,2,3025,-38.00810,176.75813
{b30ce4af-f6d4-4a44-8eaf-7748949f830f},Waka Kotahi NZ Transport Agency,rural,2,2952,-46.11693,169.14560
{1fbfa8e7-7780-464f-aa7d-aed3ce106ad0},Waka Kotahi NZ Transport Agency,rural,9,2907,-40.89243,175.03503
{d424c81a-bd23-4edc-976c-14b17262ab95},Waka Kotahi NZ Transport Agency,rural,2,2894,-43.57352,169.80796
{b3dd4560-47b8-458f-858f-d6d455c73731},Waka Kotahi NZ Transport Agency,rural,10,2884,-38.03327,175.32443
{f4e7a6a6-f6b5-4dfb-af4f-84b61cc7eaea},Waka Kotahi NZ Transport Agency,rural,3,2880,-42.34591,171.54174
{576da022-094b-403d-b278-2a5e04a7fee9},Waka Kotahi NZ Transport Agency,rural,2,2826,-43.39571,170.12570
{6c2076fc-e692-418b-b82c-b003888a2dab},Waka Kotahi NZ Transport Agency,rural,6,2805,-35.51671,173.83189
{bc9fddf2-8d94-48d6-9703-e0b2f27c937b},Waka Kotahi NZ Transport Agency,rural,3,2774,-40.42998,175.47166
{ffb79c44-6d75-430e-9442-78cc0777c258},Waka Kotahi NZ Transport Agency,rural,3,2753,-38.65592,177.95079
{eceb2308-3bee-4d7b-bb25-3ed9f308794f},Waka Kotahi NZ Transport Agency,rural,6,2750,-41.01377,175.53906
{8ae6c9ca-6c21-4896-b81f-7114701e54d4},Waka Kotahi NZ Transport Agency,rural,5,2747,-38.67615,177.91049
{8b923fd6-9364-4024-83f0-5bdfde03767e},Waka Kotahi NZ Transport Agency,rural,4,2742,-40.93298,174.99631
{397f08d4-8410-4461-ac7e-dc5955fc115b},Waka Kotahi NZ Transport Agency,rural,5,2731,-42.68510,171.00218
{79e7326d-e349-40b1-8ddb-b3154d5a3c14},Waka Kotahi NZ Transport Agency,rural,1,2727,-40.30923,175.77570
{e83e3570-e166-44cd-b458-733182dfadfa},Waka Kotahi NZ Transport Agency,rural,6,2712,-39.09135,174.09144
{ea2943c0-c3b1-49bd-9d7b-e240ff44e7f4},Waka Kotahi NZ Transport Agency,rural,3,2681,-40.38264,175.31806
{8183d916-52be-4dc1-920b-a2f4cb6e8a38},Waka Kotahi NZ Transport Agency,rural,5,2665,-38.46029,177.77131
{1a6c32f5-9dd6-4a0f-90a0-2fe189f9a490},Waka Kotahi NZ Transport Agency,rural,6,2663,-37.18997,175.85012
{5bc9d305-89ea-412c-ad22-0e28bd096c81},Waka Kotahi NZ Transport Agency,rural,1,2662,-42.76399,171.61790
{1560bd7b-9e55-42b3-b179-5906c5861e31},Waka Kotahi NZ Transport Agency,rural,2,2658,-36.98942,175.84094
{e83dc175-5e20-4122-9df9-328fc6ed6d5d},Waka Kotahi NZ Transport Agency,rural,1,2658,-43.75174,169.16347
{a997919f-7e59-45c6-8026-12b9ba732f37},Waka Kotahi NZ Transport Agency,rural,4,2639,-37.71192,175.20736
{e9054a70-d2ca-45ae-b5dd-5f16ab906a24},Waka Kotahi NZ Transport Agency,rural,3,2622,-38.47403,177.86790
{21540fdf-005a-49ea-9069-6a3c1bd815e9},Waka Kotahi NZ Transport Agency,rural,2,2621,-43.38708,170.15460
{3561da9f-5d9a-4d5c-80ff-9ed1ffad2f27},Waka Kotahi NZ Transport Agency,rural,3,2609,-35.57587,173.83082
{71216bfd-2501-4aa3-acb5-add2a12c9421},Waka Kotahi NZ Transport Agency,rural,3,2562,-35.45458,173.82036
{397134fa-5168-468a-a9ef-99a49db7cfcf},Waka Kotahi NZ Transport Agency,rural,7,2549,-40.86648,175.07390
{278e0c20-24c4-4d2b-af76-bb90fddc9a35},Waka Kotahi NZ Transport Agency,rural,8,2474,-43.54788,172.61659
{08118ae7-e7ea-41f2-9335-14d05c7988ad},Waka Kotahi NZ Transport Agency,rural,13,2446,-43.92519,171.71073
{2efbc4a1-e7e6-4729-9907-a3279e59acf6},Waka Kotahi NZ Transport Agency,rural,2,2380,-35.23248,173.54408
{31106d0e-c752-4718-a7f0-c2929cd49187},Waka Kotahi NZ Transport Agency,rural,6,2364,-36.86863,174.75627
{bf62ee21-1b2b-463e-8d38-95ee26cef43b},Waka Kotahi NZ Transport Agency,rural,3,2361,-41.15720,174.97669
{b5a782e9-57b8-4970-a940-b9a81265fa55},Waka Kotahi NZ Transport Agency,rural,2,2325,-37.54473,175.52611
{0399eb4c-ede7-461a-908e-2aaef7b2987e},Waka Kotahi NZ Transport Agency,rural,2,2320,-41.15126,174.98493
{7f6dd16a-f3df-4f8a-803e-ef95d81848b8},Waka Kotahi NZ Transport Agency,rural,3,2311,-43.43000,172.64602
{255fd1a5-c169-4f4d-ba61-9237c4c24aee},Waka Kotahi NZ Transport Agency,rural,1,2302,-44.02806,169.36379
{6bf906fe-a7ce-44f1-9136-2660979b450c},Waka Kotahi NZ Transport Agency,rural,1,2285,-35.45906,173.71503
{495af69c-b67f-4a91-9816-085e7aaa8619},Waka Kotahi NZ Transport Agency,rural,2,2251,-37.69927,176.15281
{6df1835f-b00b-49d7-990d-537e6d75738d},Waka Kotahi NZ Transport Agency,rural,12,2231,-40.35213,175.59518
{aa20d5b8-3c18-40de-925c-392097990d89},Waka Kotahi NZ Transport Agency,rural,3,2202,-37.67388,176.17015
{797e4583-913b-48c1-900b-fe394d9c5b77},Waka Kotahi NZ Transport Agency,rural,4,2192,-41.22622,173.39244
{59bddee0-e2ab-49c0-9ae9-97a7b675f9b0},Waka Kotahi NZ Transport Agency,rural,6,2182,-41.15721,174.97459
{64a4c90a-ecf8-4d46-9b59-467aa9b32a30},Waka Kotahi NZ Transport Agency,rural,2,2154,-42.89783,171.55574
{25769f8b-4b92-4840-88fc-117b3b1e9a18},Waka Kotahi NZ Transport Agency,rural,1,2140,-37.89389,175.70748
{c20d8db3-b960-4b23-9156-0792d3deaef0},Waka Kotahi NZ Transport Agency,rural,5,2121,-40.99928,174.94051
{944f7e29-359a-48c4-95b8-028b30ebe923},Waka Kotahi NZ Transport Agency,rural,2,2111,-39.68849,176.78770
{1ac00e09-4104-48b7-911c-750ed2139bb0},Waka Kotahi NZ Transport Agency,rural,3,2105,-42.39046,171.24227
{b5e492b4-4960-4aed-8cb2-a62f13a16a4d},Waka Kotahi NZ Transport Agency,rural,1,2098,-35.20492,173.50403
{ca9eb516-3a53-4a07-a97e-1017eaec817b},Waka Kotahi NZ Transport Agency,rural,4,2096,-37.70305,176.12745
{fa716907-c21e-4862-931a-ed4ee03884ae},Waka Kotahi NZ Transport Agency,rural,20,2077,-40.35408,175.61589
{f28bd56c-2761-49a5-a5b1-77b1a1fd586c},Waka Kotahi NZ Transport Agency,rural,1,2064,-37.14696,175.67042
{8921781e-97c8-4095-bf28-e2d242b30d36},Waka Kotahi NZ Transport Agency,rural,4,2055,-37.88205,175.73954
{0cd9f0cc-5b6f-43d5-bb8e-073733f1af8e},Waka Kotahi NZ Transport Agency,rural,1,2036,-41.67332,171.80181
{3a143255-51c7-4df2-be48-afd2acae953a},Waka Kotahi NZ Transport Agency,rural,2,2034,-37.13029,175.74736
{2d658631-739b-46ac-ac4a-bf1a96a1e441},Waka Kotahi NZ Transport Agency,rural,3,2034,-37.61115,175.58036
{f75ef3ae-df9a-4b3c-b383-270e0d0faebf},Waka Kotahi NZ Transport Agency,rural,5,2012,-43.36744,170.18596
{15765c08-50f3-4074-bb0f-c31902fb8c88},Waka Kotahi NZ Transport Agency,rural,3,2002,-43.54140,172.52651
{75eda359-8806-4256-a17e-2e28a0d64117},Waka Kotahi NZ Transport Agency,rural,3,1993,-42.94027,171.55898
{9c8d512c-73ae-485e-9a6e-1836fba3765e},Waka Kotahi NZ Transport Agency,rural,1,1956,-35.71117,173.57547
{a720bd14-ec1c-4e18-bca0-6c8426e5ae38},Waka Kotahi NZ Transport Agency,rural,2,1955,-37.71359,175.45423
{86a0d0cc-6763-4efb-8aea-450bad3117aa},Waka Kotahi NZ Transport Agency,rural,6,1947,-37.99707,175.20049
{7b9ebe2e-9de4-4152-8d12-694b6333f8ce},Waka Kotahi NZ Transport Agency,rural,3,1944,-35.77639,174.24588
{1215384b-0002-404d-896e-a19944ee9dfc},Waka Kotahi NZ Transport Agency,rural,8,1941,-36.81386,175.69869
{5bd001ed-e042-4dc3-ba64-a820036904bd},Waka Kotahi NZ Transport Agency,rural,8,1939,-43.54802,172.62411
{c2ef47d2-f312-4968-8930-6ef967c1e6ba},Waka Kotahi NZ Transport Agency,rural,1,1920,-39.18848,175.53123
{3544af2d-8a8f-4a25-b206-e7d0036c8e1c},Waka Kotahi NZ Transport Agency,rural,4,1919,-42.12664,171.83649
{f50e2057-8cdf-449a-a991-4050732f424e},Waka Kotahi NZ Transport Agency,rural,7,1898,-41.05798,175.49522
{c2d4d16d-0bc3-49ba-986f-fd5580b19113},Waka Kotahi NZ Transport Agency,rural,4,1897,-40.24229,175.57319
{4a37fd03-0628-41d6-b972-f519b9b5cfdf},Waka Kotahi NZ Transport Agency,rural,8,1892,-37.82530,175.76989
{c8ba8ccf-42be-4059-992d-922404a8e37d},Waka Kotahi NZ Transport Agency,urban,2,1883,-37.67850,176.21682
{e6db699c-0a6d-4a1d-b8ea-76aa1537544a},Waka Kotahi NZ Transport Agency,rural,2,1880,-35.49716,173.83544
{eb48f87f-a48b-499f-af36-42f683d64186},Waka Kotahi NZ Transport Agency,rural,9,1874,-38.67758,178.08046
{03a25161-e11d-42d6-8d13-ab161a0939ee},Waka Kotahi NZ Transport Agency,rural,6,1838,-36.86097,174.75677
{eefdcd3c-45e4-42b0-afb4-8fdae645af1d},Waka Kotahi NZ Transport Agency,rural,9,1833,-39.99465,176.53162
{c1385641-4cec-48c6-84f9-4ecb537c13ba},Waka Kotahi NZ Transport Agency,rural,2,1831,-37.52913,175.52837
{80df67d4-9604-49b0-a335-032bdadb457b},Waka Kotahi NZ Transport Agency,rural,6,1827,-41.25151,173.30928
{98a9c9db-3dea-4e98-889c-b46ba04d41c8},Waka Kotahi NZ Transport Agency,rural,2,1802,-35.62987,173.84681
{b4c7bf16-41ac-4c11-88f1-02cc8f3e4729},Waka Kotahi NZ Transport Agency,rural,4,1783,-40.99081,175.57046
{0dcd8a10-63f1-4964-9005-8aa0958b82a1},Waka Kotahi NZ Transport Agency,rural,6,1769,-38.66933,178.00033
{12a934da-32a0-4ff6-83f2-687a468a3874},Waka Kotahi NZ Transport Agency,rural,6,1767,-41.24207,174.80525
{f2438fab-eeb8-41ee-8262-d2b32cf42f47},Waka Kotahi NZ Transport Agency,rural,3,1760,-43.27667,170.35289
{962c3c8e-7e82-46da-b88e-ada1009ae4d0},Waka Kotahi NZ Transport Agency,rural,4,1759,-41.21131,173.37689
{e41755d7-7189-46ab-bbcf-f3651876237d},Waka Kotahi NZ Transport Agency,rural,2,1755,-37.79371,175.76228
{55722703-25b0-4709-89ec-0330361d8387},Waka Kotahi NZ Transport Agency,rural,7,1735,-41.15852,173.01192
{2b09324d-2b33-445d-a69b-74ae4d0b2bd7},Waka Kotahi NZ Transport Agency,rural,4,1733,-38.08460,176.68833
{5a8b308e-b0a3-494e-a907-0209d0af5964},Waka Kotahi NZ Transport Agency,rural,1,1716,-41.75998,171.58911
{575449e2-6dcc-4bea-9093-251922bbb464},Waka Kotahi NZ Transport Agency,rural,7,1704,-42.63461,171.18120
{bff31af0-2839-4027-9b7e-8f0bab6722ff},Waka Kotahi NZ Transport Agency,rural,3,1697,-41.26450,173.28580
{fc2f4eae-296c-4f03-87bb-adbd2bb2336b},Waka Kotahi NZ Transport Agency,rural,3,1687,-43.38489,170.13324
{05edfac7-eed5-4510-a012-512576388188},Waka Kotahi NZ Transport Agency,rural,3,1687,-39.41881,174.30158
{c49dcc30-a65d-4048-aca4-62c75875af80},Waka Kotahi NZ Transport Agency,rural,2,1684,-42.12822,171.87929
{26aa7189-9e91-493a-868f-4db9b04f0c83},Waka Kotahi NZ Transport Agency,rural,9,1670,-37.80891,175.26209
{37ae6185-713d-467b-b871-a4ecc668db30},Waka Kotahi NZ Transport Agency,rural,2,1638,-40.98031,174.97379
{e24b870c-edb6-4994-a731-fbc1467a6128},Waka Kotahi NZ Transport Agency,rural,4,1637,-40.31736,175.57721
{aedcf3d2-535a-4bad-a8cd-e9e7f2e4e9c0},Waka Kotahi NZ Transport Agency,urban,2,1630,-43.44715,172.63096
{25c285e3-60d4-4e16-8ba6-092e1496e684},Waka Kotahi NZ Transport Agency,rural,1,1624,-42.11676,171.32940
{98add99b-48db-4459-a268-8a597246af35},Waka Kotahi NZ Transport Agency,rural,13,1600,-37.53549,175.70358
{db109552-e7f5-4f0e-8ea5-8fa20fe72254},Waka Kotahi NZ Transport Agency,rural,3,1597,-40.37696,175.56478
{877acc51-e025-4fe1-bb75-624161d44bfa},Waka Kotahi NZ Transport Agency,rural,1,1590,-38.44447,176.55161
{9b040c9c-889c-40b2-a11f-fda186d45028},Waka Kotahi NZ Transport Agency,rural,4,1589,-37.98615,175.72613
{bba08836-56c8-4b6c-9513-3d668c9ae0e3},Waka Kotahi NZ Transport Agency,rural,9,1575,-41.12337,173.01049
{4655e54f-6de0-48fe-b797-a57ffdbd41dd},Waka Kotahi NZ Transport Agency,rural,1,1570,-43.54881,169.83383
{5c09129d-f032-4e06-ab41-7db1075e8aaa},Waka Kotahi NZ Transport Agency,rural,3,1550,-41.75417,171.56962
{d76360b1-47b9-47db-a41c-83f18322679e},Waka Kotahi NZ Transport Agency,rural,2,1544,-37.88643,175.71872
{a96a0c68-2fed-4ee4-94df-af9b7e387d09},Waka Kotahi NZ Transport Agency,rural,3,1544,-38.38013,175.14125
{12d5ab94-9c3b-4b69-9f1b-1d52965d9dcf},Waka Kotahi NZ Transport Agency,rural,3,1524,-37.68218,176.16367
{13b2e086-8d76-43b0-8c27-96762ab8cf72},Waka Kotahi NZ Transport Agency,rural,5,1509,-41.80017,172.32306
{11d651da-46bc-401b-ad77-bf42a6314038},Waka Kotahi NZ Transport Agency,rural,8,1502,-42.46649,171.19196
{0dd37391-cfe1-4189-979b-f633e9679255},Waka Kotahi NZ Transport Agency,rural,5,1499,-45.26657,169.38322
{d85ffa06-3e4c-4d08-b7f2-5902dfa5152f},Waka Kotahi NZ Transport Agency,rural,3,1497,-35.70359,173.57320
{510866d3-355d-4ccf-84c2-fcc6856dfb27},Waka Kotahi NZ Transport Agency,rural,2,1491,-38.35534,175.15849
{e5116463-e794-4b2c-b8e3-756d8d51601d},Waka Kotahi NZ Transport Agency,rural,2,1491,-44.01749,169.37937
{353538a1-dcc9-468c-b668-f81245e93a4f},Waka Kotahi NZ Transport Agency,rural,7,1491,-38.38323,178.29607
{f5eef96f-6ec9-4f1a-bfd2-7fb99a996e79},Waka Kotahi NZ Transport Agency,rural,1,1489,-35.16103,173.43044
{9537078c-016b-432f-9166-ab13f5ccd077},Waka Kotahi NZ Transport Agency,rural,2,1486,-38.46534,177.80593
{7e1c1996-c6b4-4c85-9245-70a11a6f0f69},Waka Kotahi NZ Transport Agency,rural,1,1478,-43.14977,170.56026
{3d1e0a3e-d173-4e16-a59e-b9c03756e07e},Waka Kotahi NZ Transport Agency,rural,4,1459,-38.10319,176.32205
{e1dd50a8-1e61-4cb2-9f9c-ba4d6544592e},Waka Kotahi NZ Transport Agency,rural,3,1452,-37.69686,175.46562
{cbd3d711-6054-473f-a976-c382006bdbf0},Waka Kotahi NZ Transport Agency,rural,8,1452,-38.23210,175.85304
{743f6ddf-f8c6-4d20-964f-b56a6d410ed9},Waka Kotahi NZ Transport Agency,rural,3,1448,-35.74873,173.62087
{e9dc3c68-6125-4950-9414-46a6e96415cf},Waka Kotahi NZ Transport Agency,rural,1,1448,-35.71702,173.58363
{1107fcee-2127-46af-bd89-ed34d250951a},Waka Kotahi NZ Transport Agency,rural,2,1441,-44.99572,169.74602
{e1155adc-ff4a-44a7-b331-6987ac45d540},Waka Kotahi NZ Transport Agency,rural,1,1439,-43.57814,172.70326
{a9023d46-8134-46db-a7a9-65364a8381c4},Waka Kotahi NZ Transport Agency,rural,4,1432,-37.12635,175.52575
{cbd3ae4f-2f39-4df5-87e2-fe2e2afb9c9a},Waka Kotahi NZ Transport Agency,rural,3,1414,-38.03728,176.77837
{5e4c2214-ed24-4020-8c3a-6e0c5505cb2d},Waka Kotahi NZ Transport Agency,rural,6,1410,-43.49309,172.68465
{05c4089a-097a-4b73-8abe-4250604dba13},Waka Kotahi NZ Transport Agency,rural,6,1396,-43.53035,172.55284
{ff34ada6-f8da-4345-a6ea-7ab916ffc834},Waka Kotahi NZ Transport Agency,rural,2,1391,-36.84419,174.74520
{2649e464-b66d-4360-98c1-d7a61141034e},Waka Kotahi NZ Transport Agency,rural,13,1383,-38.04476,175.34298
{1991823e-c175-4c71-a684-70f578b699be},Waka Kotahi NZ Transport Agency,rural,1,1371,-38.41042,175.11507
{c138acbf-db36-44c7-9484-802518064d9f},Waka Kotahi NZ Transport Agency,rural,2,1354,-35.14773,173.39585
{4f9aceb2-7edd-47c1-a70d-5dbd818bec31},Waka Kotahi NZ Transport Agency,rural,4,1336,-39.57873,176.91392
{ee4b3061-4ded-49a1-a20e-bed69eaa69e6},Waka Kotahi NZ Transport Agency,rural,3,1323,-42.41648,171.24639
{df774c86-0013-4cec-a850-15c89716c5b2},Waka Kotahi NZ Transport Agency,rural,3,1314,-40.20574,175.39553
{678c769f-b443-4c89-9cd8-94b4fff11887},Waka Kotahi NZ Transport Agency,rural,1,1300,-37.97396,175.74423
{00771407-34ad-4d55-9ee5-253e3506a9f6},Waka Kotahi NZ Transport Agency,rural,2,1279,-43.52146,172.71837
{21c2c0b0-0da0-4b04-911b-e4dcc7c2fb5a},Waka Kotahi NZ Transport Agency,rural,1,1278,-38.44583,176.56740
{9a8d2957-742e-4a97-b365-c4deb43483a6},Waka Kotahi NZ Transport Agency,rural,4,1276,-41.50422,173.81796
{38ac73e5-39a1-4aac-ae0e-b635b7bf0245},Waka Kotahi NZ Transport Agency,rural,2,1271,-40.98340,174.96030
{a03351e1-5c56-4adc-9439-88f83db882e6},Waka Kotahi NZ Transport Agency,rural,2,1266,-38.38235,175.13080
{c8566951-24cc-42c3-b4c5-8d136d85dcf4},Waka Kotahi NZ Transport Agency,rural,5,1259,-36.76920,174.47618
{3d221445-abcb-422d-a24a-1359e7c88576},Waka Kotahi NZ Transport Agency,rural,8,1255,-42.40680,171.24569
{921d3e47-4e41-4fd3-baf6-b7087311fc16},Waka Kotahi NZ Transport Agency,rural,6,1253,-43.53007,172.55478
{9e7ffd57-ed2d-490d-83b5-3786a748d746},Waka Kotahi NZ Transport Agency,rural,3,1252,-37.93473,175.67246
{9772afa7-0f1f-4e37-8d0c-ec00db40fc4b},Waka Kotahi NZ Transport Agency,rural,2,1242,-41.16575,173.02390
{05e0ec78-ffa0-4fcf-951d-52245b72857e},Waka Kotahi NZ Transport Agency,rural,4,1230,-45.12569,170.09512
{3de93461-5418-480a-8947-a500c5fde8d6},Waka Kotahi NZ Transport Agency,rural,2,1228,-37.89950,178.29521
{a6d7206c-79b7-4a8b-a4b3-5d559a36e832},Waka Kotahi NZ Transport Agency,rural,1,1217,-41.46621,173.96209
{26ce7b47-960b-4345-ba3f-c1b2572d9093},Waka Kotahi NZ Transport Agency,rural,1,1209,-44.03779,169.37293
{c526adda-b9f7-4f61-9cb5-887017cfc3b6},Waka Kotahi NZ Transport Agency,rural,6,1209,-40.35041,175.62432
{aac338e9-8c91-4143-9b0f-27f7042e1883},Waka Kotahi NZ Transport Agency,rural,1,1204,-43.56726,169.67960
{b716f786-2196-46b0-9728-84a9b4b21a3f},Waka Kotahi NZ Transport Agency,rural,4,1191,-37.78962,175.34214
{e1682b30-9c76-450c-b7e7-9603325d1605},Waka Kotahi NZ Transport Agency,rural,4,1191,-36.10951,174.35691
{6fa63e09-6641-4a73-a482-211f526d44f1},Waka Kotahi NZ Transport Agency,rural,8,1189,-36.98893,175.50026
{b8f2f7d1-e2c9-4a11-b2b8-848624700d7f},Waka Kotahi NZ Transport Agency,rural,1,1186,-42.87258,171.55523
{f0c79594-2824-483d-9b0d-3eec7eec5360},Waka Kotahi NZ Transport Agency,rural,3,1184,-35.65837,173.57000
{206453b1-965f-4964-9161-f9592381b990},Waka Kotahi NZ Transport Agency,rural,1,1180,-43.35688,170.20165
{e4864135-ee83-40fa-9687-ded07afe8932},Waka Kotahi NZ Transport Agency,rural,3,1170,-37.80263,175.30669
{ea2cabc2-017d-4bb4-80c6-a14a922e59bd},Waka Kotahi NZ Transport Agency,rural,4,1167,-37.80298,175.30630
{b12bc7b3-8410-4e81-8690-8f3bb4644ddf},Waka Kotahi NZ Transport Agency,rural,1,1165,-38.36628,175.15963
{eb495ed9-0f15-4aa2-ac3f-230384a00cb8},Waka Kotahi NZ Transport Agency,rural,2,1160,-35.46273,173.64149
{49a3dfa2-f393-4681-849b-c49a89f3aa3d},Waka Kotahi NZ Transport Agency,rural,3,1154,-37.64506,175.55197
{165ba3cf-88d5-4036-9c93-86e23f359c3e},Waka Kotahi NZ Transport Agency,rural,3,1151,-36.76145,175.50435
{98e42e69-6bab-43cd-b407-86ddb79296f7},Waka Kotahi NZ Transport Agency,rural,11,1146,-37.79411,175.24847
{a60fa940-4fdc-458c-9a64-a786bdcfe3ec},Waka Kotahi NZ Transport Agency,rural,4,1139,-35.73779,174.12530
{10bd4c87-5114-4fc5-b982-e43bcd59a526},Waka Kotahi NZ Transport Agency,rural,9,1125,-45.48449,170.71162
{83049afc-8334-49e8-bc2d-7e3449f31be6},Waka Kotahi NZ Transport Agency,rural,4,1121,-39.19146,173.86600
{00e9b139-8ccf-4f69-9067-d6590ec2f5f0},Waka Kotahi NZ Transport Agency,rural,8,1120,-41.10123,174.86852
{fd81f6e5-5d0c-47ae-98ea-26fa9f3163d4},Waka Kotahi NZ Transport Agency,rural,1,1120,-38.40230,175.12474
{fc22aa1b-80be-4b39-a754-39af110911c0},Waka Kotahi NZ Transport Agency,rural,1,1103,-37.75076,175.74924
{82652666-2e17-4d2b-8e29-a881c0409405},Waka Kotahi NZ Transport Agency,rural,3,1102,-42.55690,171.14079
{14685bdd-1a8b-4fad-a422-cb6c27528f01},Waka Kotahi NZ Transport Agency,rural,2,1096,-42.63699,173.32844
{b0cd694b-4309-488d-8a35-c3b713eaf90b},Waka Kotahi NZ Transport Agency,rural,2,1084,-36.34406,174.56352
{395af09b-6ecd-4f95-99ed-5c877e8c32b8},Waka Kotahi NZ Transport Agency,rural,4,1081,-36.80419,175.71481
{0c1bded4-af35-407d-a5dc-8b40790bcde4},Waka Kotahi NZ Transport Agency,rural,8,1081,-38.33775,175.16011
{740c4a9f-299d-4322-a03a-773f9904b18e},Waka Kotahi NZ Transport Agency,rural,10,1067,-38.67854,178.04099
{3ecfecfa-f131-42a9-9cb1-d361634107a5},Waka Kotahi NZ Transport Agency,rural,12,1058,-38.67295,178.03018
{00ec6020-0fb7-405e-92cb-aad0c593e024},Waka Kotahi NZ Transport Agency,rural,2,1058,-35.71461,173.94555
{b482da29-21d0-4e98-8d84-d1b8f2ecbe2b},Waka Kotahi NZ Transport Agency,rural,8,1051,-39.06301,174.03457
{f3b20a12-3c30-429c-9a45-7ce9f5501890},Waka Kotahi NZ Transport Agency,rural,2,1045,-43.55222,172.58416
{10bf827a-5c63-4d13-a6e3-862a5e6e0821},Waka Kotahi NZ Transport Agency,rural,6,1037,-37.89338,176.75016
{e9152954-4d5a-4578-b0ef-eda74cfe3197},Waka Kotahi NZ Transport Agency,rural,3,1034,-40.19536,175.38860
{5618e7af-ffec-4ffe-97ce-5df17316490f},Waka Kotahi NZ Transport Agency,rural,4,1033,-42.94688,171.56294
{81404b19-e31d-49e0-8670-d75f33b6036a},Waka Kotahi NZ Transport Agency,rural,2,1021,-36.37117,174.62341
{374d55a2-d5e2-46f1-8123-7f44bc6604f7},Waka Kotahi NZ Transport Agency,rural,1,1021,-35.46431,173.83015
{8021984a-7509-4f79-b537-3c0b9ee8fbbb},Waka Kotahi NZ Transport Agency,rural,4,1009,-35.75522,174.18387
{69ddadd2-5bd5-4d68-8e08-af79e4cdb648},Waka Kotahi NZ Transport Agency,rural,6,1002,-37.76354,175.75124
{9ce548b0-4fc4-40e7-87b3-2ccec40b8d1a},Waka Kotahi NZ Transport Agency,rural,5,992,-37.80048,175.32389
{44d86e4e-00e4-405e-abaf-f10f2675aae7},Waka Kotahi NZ Transport Agency,rural,5,989,-37.80031,175.32472
{0034fd2d-d1fc-44d2-a7bc-9693c08fd553},Waka Kotahi NZ Transport Agency,rural,5,986,-42.77532,172.84707
{0129e39c-dc37-4536-8320-73a0adbb4245},Waka Kotahi NZ Transport Agency,rural,1,985,-36.83232,175.67983
{17427629-377e-4a27-94e9-120fef617b98},Waka Kotahi NZ Transport Agency,rural,3,983,-37.79522,175.33439
{102bb35a-6d31-42a2-b19c-9bd08e35932b},Waka Kotahi NZ Transport Agency,rural,1,981,-37.98548,175.71969
{1c33c1e6-dd4b-402b-a0db-7db21a33db66},Waka Kotahi NZ Transport Agency,rural,3,976,-38.99554,175.79354
{11985a95-6a77-42b2-9390-28405e0928cb},Waka Kotahi NZ Transport Agency,rural,2,973,-37.88742,175.76716
{74362b7e-b298-4ef1-8d23-0ea879b6eaf1},Waka Kotahi NZ Transport Agency,rural,1,970,-42.76346,171.59707
{29cb18eb-704e-4bfd-b80f-af4277f3be3d},Waka Kotahi NZ Transport Agency,rural,1,959,-37.03402,175.51983
{d06a4acf-45a9-46ab-9e25-6879d4d41d62},Waka Kotahi NZ Transport Agency,rural,2,958,-40.99632,175.56205
{cb937331-98d8-4832-b740-c724c087eb6f},Waka Kotahi NZ Transport Agency,rural,5,955,-36.79968,175.72091
{1898d625-edd1-45fe-a838-35327226d164},Waka Kotahi NZ Transport Agency,urban,4,953,-37.68304,176.22333
{b4f4fc91-1471-4d5e-b1d6-d037d2b6829c},Waka Kotahi NZ Transport Agency,rural,1,939,-37.69361,176.12112
{7a2d1091-0a1f-4ffe-9759-e253ed50bc86},Waka Kotahi NZ Transport Agency,rural,2,933,-42.44548,171.21680
{32537d5c-3a23-4e47-9a5e-43adcd26074c},Waka Kotahi NZ Transport Agency,rural,1,925,-41.21247,173.04584
{473af77e-c650-4310-9a24-56a208eccbae},Waka Kotahi NZ Transport Agency,rural,1,921,-40.96703,174.98476
{2fe3ae5b-3366-4da8-892e-c35c119c7988},Waka Kotahi NZ Transport Agency,rural,2,914,-42.88244,171.55505
{3e13f9a2-ebc0-425e-a29a-5233d95f0568},Waka Kotahi NZ Transport Agency,rural,8,914,-43.55669,172.67190
{5c10b178-bc6d-43e0-adbb-990288c4270e},Waka Kotahi NZ Transport Agency,rural,1,901,-41.13921,173.00870
{fbbc1a0e-3af0-4e9f-a1ac-896fa26aab66},Waka Kotahi NZ Transport Agency,rural,3,896,-45.11799,170.10629
{f9ba978f-8d57-4b3f-81e0-a4c980e88c65},Waka Kotahi NZ Transport Agency,rural,2,889,-36.87300,174.77207
{39bd8ca5-2ba5-4b1b-bb24-0b977134ccd2},Waka Kotahi NZ Transport Agency,rural,2,888,-41.20781,173.04246
{d17b0332-2bf3-4efe-8ae1-81e07c6cb980},Waka Kotahi NZ Transport Agency,rural,2,876,-35.12316,173.33351
{169ec9a6-e900-4a9c-932e-29e4cdb29788},Waka Kotahi NZ Transport Agency,rural,2,867,-40.35386,175.61663
{a43a8be5-4600-4689-8fa1-4a4a4c8bc660},Waka Kotahi NZ Transport Agency,rural,4,862,-41.71745,171.75566
{43632d79-50bf-4122-8f3e-1822fe2538eb},Waka Kotahi NZ Transport Agency,rural,1,853,-38.37475,175.15622
{537a766b-07ab-4c0f-9bee-9eeb7737f6fe},Waka Kotahi NZ Transport Agency,rural,1,848,-41.22426,173.04768
{6df5425e-dad0-4941-a379-6a9870125929},Waka Kotahi NZ Transport Agency,rural,2,842,-37.64182,175.56357
{4f4546e9-02b2-4247-877f-fdfc7f00cc5d},Waka Kotahi NZ Transport Agency,rural,1,842,-37.94550,175.65742
{3a0556cd-c2e2-4ad5-8404-836969f8d12d},Waka Kotahi NZ Transport Agency,rural,1,841,-37.94542,175.65740
{78a062e9-67f1-4c7a-b31f-209b9a005d6f},Waka Kotahi NZ Transport Agency,rural,1,837,-38.39051,175.12989
{f197d92b-f14f-4d00-9d9f-e17a2511080e},Waka Kotahi NZ Transport Agency,rural,3,836,-38.06109,176.99848
{458f8152-b0ca-41ba-ac22-f8cf743c6d58},Waka Kotahi NZ Transport Agency,rural,3,822,-40.34425,175.63861
{5b137b7a-1ba7-4c93-8a15-9067eaeb871c},Waka Kotahi NZ Transport Agency,rural,1,821,-41.19700,173.04270
{d7db5021-1950-4428-9ce3-68567bc029b4},Waka Kotahi NZ Transport Agency,rural,3,818,-35.75557,174.17530
{138dc45b-d843-42c6-b710-1d2b47e6c29f},Waka Kotahi NZ Transport Agency,rural,7,807,-42.11466,171.85744
{c98e0fae-9966-4da3-bb03-826ac8570ef8},Waka Kotahi NZ Transport Agency,rural,3,800,-37.04291,175.52057
{8bd6245f-d61a-4c23-9606-620eabb8bed7},Waka Kotahi NZ Transport Agency,rural,4,798,-38.03668,176.79165
{f0c483c7-207e-4243-80b1-b2582ee135d9},Waka Kotahi NZ Transport Agency,rural,2,790,-37.61755,175.59138
{fcfb04aa-8848-4575-8cf4-e60a1de7e9f7},Waka Kotahi NZ Transport Agency,rural,14,790,-43.63374,171.64698
{07c32667-2d2e-441f-bf0d-c171ab579bb6},Waka Kotahi NZ Transport Agency,rural,2,780,-43.45642,172.60136
{9f62c811-22c5-44c1-a0e5-293a128157bb},Waka Kotahi NZ Transport Agency,rural,3,777,-37.54160,175.70837
{7b32971a-a06e-4589-bbff-59a250b5cf4b},Waka Kotahi NZ Transport Agency,rural,2,772,-43.45650,172.60096
{8646ec68-9f9f-4c24-9135-351b9cfea9e7},Waka Kotahi NZ Transport Agency,rural,2,770,-35.45973,173.64864
{f977415e-5fca-45cb-850b-638681e74729},Waka Kotahi NZ Transport Agency,rural,2,769,-39.57535,175.70998
{6245f3cc-7dc0-4b89-9810-cf53bf0fff94},Waka Kotahi NZ Transport Agency,rural,5,757,-38.22776,175.86948
{1a346eba-bfad-43bb-8b52-1c1ad995e0bc},Waka Kotahi NZ Transport Agency,rural,10,752,-40.29946,175.75204
{d0ffadda-90e2-45dd-a3b2-5138f522fa42},Waka Kotahi NZ Transport Agency,rural,2,749,-35.45956,173.65500
{b02203e8-9580-40ef-97b6-92113a7e8095},Waka Kotahi NZ Transport Agency,rural,2,744,-35.74228,174.14489
{f5cfac47-0b41-4fa2-8db2-5d3f227b57e7},Waka Kotahi NZ Transport Agency,urban,1,738,-37.67973,176.22376
{bc69edfd-34e3-4639-855b-808d27383187},Waka Kotahi NZ Transport Agency,rural,3,737,-43.52648,172.53322
{e2f58ba7-a5b2-4d54-83d2-77033dec8987},Waka Kotahi NZ Transport Agency,rural,3,729,-46.34496,168.02124
{1e9feed6-fd45-4599-a986-778180967525},Waka Kotahi NZ Transport Agency,rural,4,724,-43.55659,172.68193
{251fd9ae-9931-4930-93b0-88bf7a9a2814},Waka Kotahi NZ Transport Agency,rural,4,724,-35.73968,174.13656
{c3a18f58-8e37-4534-8858-f7ed52601cb9},Waka Kotahi NZ Transport Agency,rural,7,724,-42.11988,171.86291
{cd4a214c-1588-48ee-bf02-8b3915f1b7a4},Waka Kotahi NZ Transport Agency,rural,1,708,-41.12522,174.84829
{ae4f11a6-a28c-4ca9-8451-8e2168b26f71},Waka Kotahi NZ Transport Agency,rural,2,705,-38.34793,175.16723
{23588dc5-4f7b-4d1c-b95e-27ce9d73d0c7},Waka Kotahi NZ Transport Agency,rural,2,697,-35.78611,174.30578
{1544d111-bb04-451e-ba45-fb6da3a6b444},Waka Kotahi NZ Transport Agency,rural,3,695,-42.71646,170.96735
{669e6dd4-7268-47d7-a2ba-ae4bf39b8604},Waka Kotahi NZ Transport Agency,rural,2,694,-40.97383,175.59627
{cd8d9b0d-4e1e-4911-9177-f053abdffa80},Waka Kotahi NZ Transport Agency,rural,3,688,-37.86984,175.45718
{c25908d3-55d0-4b83-87ba-9bd78c483b94},Waka Kotahi NZ Transport Agency,rural,1,686,-37.05514,175.52430
{2fc6cb46-69d5-4188-8f80-79d0fe6feb22},Waka Kotahi NZ Transport Agency,rural,2,674,-37.86168,175.45396
{f8b7045e-3099-4d76-9cb9-db246d6435cc},Waka Kotahi NZ Transport Agency,rural,4,667,-40.55404,175.41081
{28d42092-78d6-42fd-a520-ac1da2ddc200},Waka Kotahi NZ Transport Agency,rural,1,666,-41.43532,173.96493
{0528c181-1b21-47a5-9add-fb0381ea580c},Waka Kotahi NZ Transport Agency,rural,4,658,-44.09723,170.82303
{cd84b295-5fd7-4a1c-aeda-4d7c69271524},Waka Kotahi NZ Transport Agency,rural,1,653,-43.15179,170.57306
{0b8b5fdd-ed04-45c7-8302-7e5de0a3021a},Waka Kotahi NZ Transport Agency,rural,2,650,-36.76962,174.48675
{0a91faad-d9c2-4ed9-9942-9201391fc883},Waka Kotahi NZ Transport Agency,rural,3,646,-37.88423,175.75941
{6893a516-af1e-42c5-98ae-a657087f5159},Waka Kotahi NZ Transport Agency,rural,2,644,-36.12359,174.17960
{50d8328e-a647-45bb-a187-25bfe13a022b},Waka Kotahi NZ Transport Agency,rural,1,644,-41.19043,173.04343
{beb3077a-16b3-4c53-a02d-9756ed120cad},Waka Kotahi NZ Transport Agency,rural,2,639,-41.13786,174.97737
{9c44ee9b-d5f9-4537-aa72-f02a913d3feb},Waka Kotahi NZ Transport Agency,rural,4,637,-40.91651,175.00662
{4fe370ed-667e-4b69-9ce3-e9865e00e891},Waka Kotahi NZ Transport Agency,rural,5,636,-39.06107,174.08339
{e76d9b8f-1608-4c54-bd62-459a8a32295d},Waka Kotahi NZ Transport Agency,rural,1,626,-35.95164,173.85944
{e426b7c8-4d9b-4c5c-83bc-18ea6cfd3c6d},Waka Kotahi NZ Transport Agency,rural,6,626,-39.17678,175.40165
{5928c1ea-0437-4aac-ac69-a4927cc006a8},Waka Kotahi NZ Transport Agency,rural,1,620,-42.31162,171.58910
{48600a1d-d7e2-4811-b483-29b483669291},Waka Kotahi NZ Transport Agency,rural,7,620,-39.05544,174.07548
{dca60f63-6f64-4bdd-a0b7-c2d33ea0efe2},Waka Kotahi NZ Transport Agency,rural,3,613,-35.42187,173.80904
{116b8bf6-6105-4887-89ed-1a8d234293ba},Waka Kotahi NZ Transport Agency,rural,3,609,-42.47122,171.18872
{3c5821ae-e26f-4644-958e-14ec5f2d35a2},Waka Kotahi NZ Transport Agency,rural,4,608,-37.55010,175.70235
{118d2e51-f1a5-4cd7-9dbf-60798ee9325a},Waka Kotahi NZ Transport Agency,rural,2,598,-37.15713,175.55198
{42e2e50d-3593-4821-8c51-3e43b887d625},Waka Kotahi NZ Transport Agency,rural,1,598,-36.79042,175.72239
{201c52b7-08fa-4872-b8ac-a7e75cfaf35e},Waka Kotahi NZ Transport Agency,rural,1,595,-38.05607,176.73707
{8d00d6b1-b704-4896-9750-3a45dfeb6d47},Waka Kotahi NZ Transport Agency,rural,5,595,-37.98137,175.75875
{25b89090-7c90-49a6-999b-3d4190e14da3},Waka Kotahi NZ Transport Agency,rural,1,594,-36.12190,174.19363
{9340898a-b00e-4a74-9834-0efe93d12857},Waka Kotahi NZ Transport Agency,rural,1,593,-42.33191,172.18258
{ce864927-f867-4573-be05-c55709c86a1a},Waka Kotahi NZ Transport Agency,rural,3,593,-38.37432,178.29663
{e8995d39-4560-4860-94be-f0abe02a5ced},Waka Kotahi NZ Transport Agency,rural,1,585,-36.36205,174.60722
{8fc77b24-fa76-4b08-9b6f-55de6fcc83f0},Waka Kotahi NZ Transport Agency,rural,2,576,-41.11156,174.92010
{0626f576-e80e-4f77-ad6b-16bbcb8bc267},Waka Kotahi NZ Transport Agency,rural,3,570,-37.67690,176.16492
{41982790-135f-4f07-b0a9-39a738f6aa47},Waka Kotahi NZ Transport Agency,rural,3,567,-35.41570,173.80688
{f2b1fb04-a4d0-4638-97aa-8b7a2d1a06cb},Waka Kotahi NZ Transport Agency,rural,5,555,-45.91417,169.67759
{361ee620-7d9c-48cc-b801-754eabf47127},Waka Kotahi NZ Transport Agency,rural,3,551,-37.18760,175.57100
{e7b6d3a1-f001-4549-98b7-41c272214d1e},Waka Kotahi NZ Transport Agency,rural,1,551,-41.00159,174.93679
{068a5602-b686-407a-80b3-8c2b272b179a},Waka Kotahi NZ Transport Agency,urban,2,544,-37.68496,176.22780
{bffeccfc-d05e-4571-86e9-cde095c3da56},Waka Kotahi NZ Transport Agency,rural,3,536,-38.36852,178.29484
{e4bf38e6-b9b0-4858-818b-0ee0f07d83e9},Waka Kotahi NZ Transport Agency,rural,6,531,-41.04432,175.50716
{95aca711-cd53-4457-a6c6-f03a03f4444d},Waka Kotahi NZ Transport Agency,rural,2,531,-41.25336,173.30484
{bad8cafe-b456-47cb-bbf1-47aff51b39da},Waka Kotahi NZ Transport Agency,rural,1,529,-37.40585,175.70799
{228bd40f-1247-45ee-8718-b69f8c7046db},Waka Kotahi NZ Transport Agency,rural,2,525,-41.49230,173.96452
{f1799e9a-045f-48a8-be26-7a61e1bbd355},Waka Kotahi NZ Transport Agency,rural,1,524,-41.13041,174.84441
{e0210948-4ad7-463a-82a1-c813f058dde1},Waka Kotahi NZ Transport Agency,rural,4,522,-39.06743,174.04214
{fe4b3cce-f7b4-41aa-a908-01e29cc23cb9},Waka Kotahi NZ Transport Agency,rural,2,518,-41.75033,171.55920
{031eced8-6081-4177-bef5-c8f96d8339e2},Waka Kotahi NZ Transport Agency,rural,1,515,-41.18669,174.83235
{67de043c-4583-4121-8e27-7bcc41e7d31f},Waka Kotahi NZ Transport Agency,rural,1,510,-41.15063,174.84570
{e4659259-b47d-4598-a347-5f72c9b169f3},Waka Kotahi NZ Transport Agency,rural,2,509,-38.80991,174.59097
{52d063c3-a0c1-49d8-ab98-60bebee34720},Waka Kotahi NZ Transport Agency,rural,1,507,-37.06039,175.52439
{65a4941f-4520-4975-b9ec-e3bdaebf0276},Waka Kotahi NZ Transport Agency,rural,7,505,-42.11910,171.86234
{f6099c04-8527-44d7-bbdd-4e59280fb695},Waka Kotahi NZ Transport Agency,rural,1,505,-43.54295,172.57076
{8d4b7431-0a80-47da-a29e-fd03fd83c63b},Waka Kotahi NZ Transport Agency,rural,1,498,-37.66628,176.20940
{f36258dd-585e-4d85-8707-92b1f7f3519e},Waka Kotahi NZ Transport Agency,rural,2,491,-35.73103,174.08873
{1338c47f-3b82-4212-95dc-50704e1a7e6f},Waka Kotahi NZ Transport Agency,rural,2,485,-37.22981,175.01671
{b0bcc91e-d9fe-4fe7-b38d-299e8823a6bf},Waka Kotahi NZ Transport Agency,rural,4,477,-39.02585,177.41754
{b9f5505d-2f1f-4c5a-a92c-8b595c47825c},Waka Kotahi NZ Transport Agency,rural,3,475,-37.11664,175.52336
{b02ca1f9-54fc-45dc-962e-7450078ee3fb},Waka Kotahi NZ Transport Agency,rural,1,474,-40.74689,175.16771
{00682794-88e0-4264-9c0f-eb46197813f7},Waka Kotahi NZ Transport Agency,rural,2,470,-41.03902,175.51324
{8dc1b674-c4c9-4d1f-a68b-6e4d8dddea21},Waka Kotahi NZ Transport Agency,rural,2,465,-37.19245,175.85434
{837f7f04-7534-4745-b754-4f5f03921543},Waka Kotahi NZ Transport Agency,rural,1,459,-38.13231,176.29846
{b31607ef-160a-436c-b0e5-de251b1898a3},Waka Kotahi NZ Transport Agency,rural,5,453,-40.91213,175.01376
{37859bed-43f1-4fe6-a0e6-90dc4bc0d607},Waka Kotahi NZ Transport Agency,rural,2,451,-41.22010,173.04727
{cacbad02-dd8b-4b06-979f-887db455878b},Waka Kotahi NZ Transport Agency,rural,1,446,-37.94374,175.66994
{96101580-1e4a-4e25-a7d5-fc194a820f2e},Waka Kotahi NZ Transport Agency,rural,1,446,-42.88600,171.55560
{82dd92e6-76ec-420d-ac13-3599b8f2051a},Waka Kotahi NZ Transport Agency,rural,6,443,-39.99552,176.55169
{2f4701dd-a2c4-4522-b0b4-df52feb576c0},Waka Kotahi NZ Transport Agency,rural,1,442,-37.94379,175.66987
{ddab34f5-0fc8-41ba-8099-7af3cd856e9a},Waka Kotahi NZ Transport Agency,rural,1,436,-38.39571,175.12698
{f4f0ce53-1bd5-472e-ab77-38e2cc964902},Waka Kotahi NZ Transport Agency,rural,2,434,-36.85075,175.47566
{aabbe684-a818-4b59-91ce-ca8c2a7a689b},Waka Kotahi NZ Transport Agency,rural,4,434,-40.33460,175.85359
{927dca7c-a3e5-47e9-a212-58626d66aab0},Waka Kotahi NZ Transport Agency,rural,1,432,-38.14230,176.28536
{07f4e553-9be4-4b1a-b8cb-bbe543e2a337},Waka Kotahi NZ Transport Agency,rural,3,431,-36.85552,174.76828
{9c9eeb32-cb88-4593-8bd5-afbd8bdf20bb},Waka Kotahi NZ Transport Agency,rural,4,426,-40.35240,175.61007
{d566f341-8e27-4bed-bacd-b74f119289fe},Waka Kotahi NZ Transport Agency,rural,1,424,-37.70245,176.15184
{ce43d909-bf0d-4d17-b99f-7a40698cea56},Waka Kotahi NZ Transport Agency,rural,2,417,-37.68357,176.22398
{85c2e838-75fa-4237-bbb9-bf87b9ae3aa6},Waka Kotahi NZ Transport Agency,urban,2,417,-37.68344,176.22389
{06e53517-5281-4e30-8aa8-3d549e1569ec},Waka Kotahi NZ Transport Agency,rural,2,417,-37.70309,176.15073
{b60dc31f-b3ac-4f9c-99a9-ee4912d87240},Waka Kotahi NZ Transport Agency,rural,2,415,-37.94300,175.66455
{d9ec3be4-44df-4d20-aebd-b36712450c4e},Waka Kotahi NZ Transport Agency,rural,2,415,-35.73142,174.09573
{809e90e3-fe9f-46f6-97f8-33fa481dce8f},Waka Kotahi NZ Transport Agency,rural,2,414,-43.26330,170.36506
{07692131-a1e2-4a61-80fd-5bb3218dbe2a},Waka Kotahi NZ Transport Agency,rural,1,407,-36.12078,174.32257
{e5215ade-4dcd-493a-83e6-db744167fa37},Waka Kotahi NZ Transport Agency,rural,1,406,-37.94053,175.66965
{46b7fb84-9915-4488-88f5-792076232b41},Waka Kotahi NZ Transport Agency,rural,1,404,-37.94049,175.66953
{237784bd-ac55-4888-badb-48108ddaba2b},Waka Kotahi NZ Transport Agency,rural,1,404,-38.45589,176.69556
{64f762a5-466a-4c93-b914-2d77f3ae7ca4},Waka Kotahi NZ Transport Agency,rural,1,403,-37.94283,175.66520
{3324ab55-c152-450f-8133-ba526146007c},Waka Kotahi NZ Transport Agency,rural,3,400,-39.05154,174.10722
{44ff663a-1dbd-4215-bbc1-28c59a493094},Waka Kotahi NZ Transport Agency,rural,1,396,-41.24627,173.05713
{edb9338e-4984-40c9-b02c-58bd01539b7c},Waka Kotahi NZ Transport Agency,rural,2,393,-39.05149,174.10823
{5ff7363e-ae33-480e-9b20-3842882d28b8},Waka Kotahi NZ Transport Agency,rural,3,392,-35.40907,173.80377
{a331d4be-f7b4-49cf-b8d3-14e4760fe021},Waka Kotahi NZ Transport Agency,rural,1,392,-38.33977,175.16735
{00240449-c062-47b1-ac20-b94fa64d62d9},Waka Kotahi NZ Transport Agency,rural,2,390,-41.01783,175.53406
{050af407-ce87-43a4-a9ba-048ad0b3305e},Waka Kotahi NZ Transport Agency,rural,1,390,-43.26203,170.36144
{0b834862-2ac3-4e1d-a31c-1d3dad74b927},Waka Kotahi NZ Transport Agency,rural,5,383,-39.41685,175.39638
{2bf7a525-4501-403a-b5a7-d913b6fb5434},Upper Hutt City Council,rural,1,382,-41.12366,175.03389
{48e48a77-be20-4d86-8d54-b3c338c77e54},Waka Kotahi NZ Transport Agency,urban,1,380,-40.31076,175.76160
{fa4f2182-2850-4964-a0a2-d3e0be4e0d0a},Waka Kotahi NZ Transport Agency,rural,1,379,-43.44294,170.07266
{6d4b8280-e23b-4373-9652-5092b29e3323},Waka Kotahi NZ Transport Agency,rural,1,376,-36.11255,174.34953
{0c01e5b9-8629-4baf-b9ed-5e70abd508c1},Waka Kotahi NZ Transport Agency,rural,1,371,-37.50830,175.52456
{dcd75123-08f5-4a61-8119-76c6c9607d8d},Waka Kotahi NZ Transport Agency,rural,2,371,-38.11389,176.31669
{4e1a75f3-b92c-4597-a489-a40ffd8f7a2e},Waka Kotahi NZ Transport Agency,rural,1,369,-38.11649,176.31569
{06328da6-1972-4f83-943a-ef8ad42b7623},Waka Kotahi NZ Transport Agency,rural,1,366,-37.68368,176.22805
{463a1ff8-8408-4466-a3f3-a4688432d4af},Waka Kotahi NZ Transport Agency,rural,1,365,-35.23537,173.54458
{20c440e2-215c-4fb3-8c24-0907f12fadfd},Waka Kotahi NZ Transport Agency,rural,1,363,-37.88069,175.75720
{a3bc92b6-b72b-4ef3-8eea-7cffcadc4c2a},Waka Kotahi NZ Transport Agency,rural,1,361,-36.83671,175.66901
{07abc9b3-6ba0-42c8-a398-5fb2eaa91bae},Waka Kotahi NZ Transport Agency,rural,3,360,-39.42094,175.40377
{0ae42f56-b70d-4284-a93e-a94bc5e4bbb0},Waka Kotahi NZ Transport Agency,rural,4,355,-46.02204,170.09721
{0fae2513-4e24-4ca0-b403-771a1ba18ef2},Waka Kotahi NZ Transport Agency,rural,3,351,-41.03640,174.88593
{8db0c63c-8318-4806-8ff8-d548530de214},Waka Kotahi NZ Transport Agency,rural,5,350,-38.06459,177.00183
{72ce3ad0-d6c2-4548-ae16-622588b706ab},Waka Kotahi NZ Transport Agency,rural,2,349,-38.15430,176.26398
{10035e03-c64e-4e30-a3d1-b19dd630b24a},Waka Kotahi NZ Transport Agency,rural,2,348,-41.14630,173.01031
{990ab741-e952-4f04-9e67-37a25d5f1106},Waka Kotahi NZ Transport Agency,rural,3,344,-42.71219,170.97140
{ecb80cd0-7b0f-48f1-bfff-5e218c58998f},Waka Kotahi NZ Transport Agency,urban,1,344,-37.68366,176.22736
{96dbd62d-a3f1-4a95-af5b-b1abdf987920},Waka Kotahi NZ Transport Agency,rural,1,343,-37.51190,175.52562
{cfa6f279-fac4-4f22-8692-e9f68cdb2566},Waka Kotahi NZ Transport Agency,rural,1,343,-42.44716,171.21701
{404f1270-cf6b-44f6-a4fa-421b8d75f2dc},Waka Kotahi NZ Transport Agency,rural,1,339,-38.16401,176.24847
{31e6a468-ae8f-423f-82a3-7081afba326e},Waka Kotahi NZ Transport Agency,rural,2,333,-41.02222,175.53006
{f9986730-e573-40a3-927e-904b99794a3e},Waka Kotahi NZ Transport Agency,rural,2,331,-41.14519,174.99656
{57d73905-90b6-4a91-99ae-17d16dbd45d6},Waka Kotahi NZ Transport Agency,rural,1,326,-34.99426,173.46082
{e560b879-32f8-4621-82d7-ced4dc6670a8},Waka Kotahi NZ Transport Agency,rural,1,322,-41.14548,174.99456
{870448fc-cd07-4ed5-b154-bf1a045bcd9b},Waka Kotahi NZ Transport Agency,rural,2,319,-42.56011,171.14283
{7ba3c082-fa81-4c28-b078-4d5005e6a2ab},Waka Kotahi NZ Transport Agency,rural,2,319,-38.05740,175.78615
{fb134968-a676-485c-bdd1-aa9294d7108a},Waka Kotahi NZ Transport Agency,rural,1,313,-38.13848,176.29035
{c58f9be0-6841-43d7-92f3-6dd883dd9f05},Waka Kotahi NZ Transport Agency,rural,1,310,-43.40612,170.09581
{40d4ea2b-7ea2-4c93-bf76-a5dd765b6938},Waka Kotahi NZ Transport Agency,rural,1,309,-41.24581,174.81348
{a43a2c29-c54b-4e2a-a4d5-0f855e169118},Waka Kotahi NZ Transport Agency,urban,3,309,-36.09883,174.23761
{80c14b32-48e4-4f0f-81f2-dfbc2ca76c89},Waka Kotahi NZ Transport Agency,rural,2,305,-37.86398,175.45563
{dda25ee6-0dd8-4d46-b44b-a8e23a50a18a},Waka Kotahi NZ Transport Agency,rural,1,305,-41.25494,173.30100
{790a86b5-6e2f-4644-b110-747939d4f4b0},Waka Kotahi NZ Transport Agency,rural,1,297,-40.33331,175.85191
{19fe38cb-05cc-4725-b244-006717f38423},Upper Hutt City Council,urban,1,293,-41.09524,175.12381
{cbe0a1e5-b8ea-4e66-bee0-a82be423db53},Waka Kotahi NZ Transport Agency,rural,4,292,-37.67417,176.16938
{3a40f619-8100-477e-9f2c-f1bea1bc8ecc},Waka Kotahi NZ Transport Agency,rural,2,288,-41.15191,174.84208
{d6ca9a33-dd9b-4676-8363-ec4f1b107bc9},Waka Kotahi NZ Transport Agency,rural,1,288,-41.22468,174.86004
{ecefa6bb-e94b-492b-be26-156f7c1025a6},Waka Kotahi NZ Transport Agency,rural,1,287,-37.67655,176.16497
{357fbc56-99f1-4005-8fe4-bac26281ec3e},Waka Kotahi NZ Transport Agency,rural,1,286,-39.06006,174.03270
{79ab9029-41ff-47e5-a51c-1e902264f1fb},Waka Kotahi NZ Transport Agency,rural,1,284,-41.01456,175.53731
{823d813e-d56e-4a5e-a9c5-c9242652341b},Waka Kotahi NZ Transport Agency,rural,1,283,-37.97509,175.75258
{cbec2f8d-3612-4715-abad-adf6e713720e},Waka Kotahi NZ Transport Agency,rural,1,283,-37.94442,175.67036
{e021bb70-1e1c-42e2-87e5-bd8dc4a40055},Waka Kotahi NZ Transport Agency,rural,1,282,-41.15874,174.97328
{de11370b-92bd-4569-aa9e-65ee43a0e4c8},Waka Kotahi NZ Transport Agency,rural,1,281,-41.15883,174.97335
{81ed0578-ea86-49c7-90c4-64cc47099024},Waka Kotahi NZ Transport Agency,rural,1,280,-37.81376,175.78330
{1d4faa97-ff61-45b8-8c1b-90ba35062859},Waka Kotahi NZ Transport Agency,rural,2,279,-40.21601,175.41593
{8d26ba64-25e6-4682-a699-7c75c1e5da3b},Waka Kotahi NZ Transport Agency,rural,1,278,-39.98963,176.55841
{3f04010e-5e22-4453-836a-7692fa9fb753},Waka Kotahi NZ Transport Agency,rural,1,277,-37.38566,175.67850
{fd18a538-fecc-48de-9478-eafef641a8e3},Waka Kotahi NZ Transport Agency,rural,1,277,-41.18664,173.04559
{5d37d834-dd2a-4dde-b548-3842bc5f84bb},Waka Kotahi NZ Transport Agency,urban,2,275,-37.66963,176.21219
{b046918b-c246-4bb4-b020-696a32d67953},Upper Hutt City Council,urban,1,274,-41.11606,175.06555
{a0e346ab-1786-49fe-b5cb-46e25d66539d},Waka Kotahi NZ Transport Agency,rural,2,272,-41.03890,174.88524
{726313bd-e261-490b-8fa9-5576b1b4011b},Waka Kotahi NZ Transport Agency,rural,3,271,-41.03483,174.88762
{d6a25656-ccb7-4d93-b1f1-7a8f9a2758fa},Waka Kotahi NZ Transport Agency,rural,1,270,-37.61943,175.59462
{117ffec9-f596-41e7-a096-4002468c2bce},Waka Kotahi NZ Transport Agency,rural,1,266,-37.05100,175.52318
{152512ca-3e06-468b-9ef7-778b56bf295e},Waka Kotahi NZ Transport Agency,rural,1,265,-36.98982,174.78594
{64e4169c-1041-4b2d-9c18-b2b74a072640},Waka Kotahi NZ Transport Agency,rural,2,264,-41.71168,171.76313
{eb654151-8cb9-449b-9338-386cdc9b93da},Waka Kotahi NZ Transport Agency,rural,2,263,-38.13634,176.29318
{24f064ef-9b0f-43f5-8b8b-6a7c66b63eee},Waka Kotahi NZ Transport Agency,rural,2,262,-43.57104,172.69169
{73dfc9ff-fb44-4ac7-864a-c9b242db3169},Waka Kotahi NZ Transport Agency,urban,1,261,-40.30904,175.76165
{ed24a5de-979a-4bfd-ad40-95c2e8cee4db},Waka Kotahi NZ Transport Agency,rural,2,260,-41.24367,173.05500
{3cbf90a0-bf8f-4543-94a9-d868eb45825e},Waka Kotahi NZ Transport Agency,rural,1,258,-43.39159,170.18184
{2d797ded-e548-4824-a570-6d45457b4952},Waka Kotahi NZ Transport Agency,rural,1,257,-41.33534,173.18441
{7bb3fbeb-3004-49b7-8b46-5deb5f1fdaff},Waka Kotahi NZ Transport Agency,rural,1,256,-46.33008,168.29191
{14dbb41e-e1b0-40e2-94b1-595c71a81e7e},Waka Kotahi NZ Transport Agency,rural,1,255,-36.95127,174.85801
{e41aee77-7bc8-471b-82fc-6c61126bdb9c},Waka Kotahi NZ Transport Agency,rural,2,252,-41.03345,175.51919
{9557eda1-793f-40ef-8542-7da0fe8a12c5},Waka Kotahi NZ Transport Agency,rural,1,251,-35.41068,173.80604
{5a4e9c3d-d316-4e8d-bd86-9f9b0ec6f4f1},Waka Kotahi NZ Transport Agency,urban,3,247,-37.67553,176.22055
{8afbba90-e3e9-4f22-a1cb-c060cfeeeab5},Waka Kotahi NZ Transport Agency,rural,3,244,-45.88732,170.49986
{6407bdd2-de29-488c-aea6-86758eb660aa},Waka Kotahi NZ Transport Agency,rural,2,242,-41.24442,174.81338
{8cd2102d-7fcf-43aa-8ca9-23a059049a53},Waka Kotahi NZ Transport Agency,rural,1,240,-41.13383,174.84462
{ebe9db4a-ad7c-4d86-b355-0901910d13ea},Waka Kotahi NZ Transport Agency,rural,1,236,-41.13382,174.84450
{ee8ccd6d-be5a-45fd-8886-3ff518a95a2f},Waka Kotahi NZ Transport Agency,rural,2,234,-37.15235,175.55085
{de2f8967-02e1-451e-9919-a920e43b4bb2},Waka Kotahi NZ Transport Agency,rural,1,234,-37.66555,176.18574
{a49104eb-1862-47b8-b5c2-59b690fc5403},Waka Kotahi NZ Transport Agency,rural,2,232,-37.66943,176.21194
{0a4de7e8-56ec-4a36-9abe-fe8718fc0751},Waka Kotahi NZ Transport Agency,rural,1,231,-41.08569,174.86870
{b5d10f7e-4b29-4339-b883-55bf58a934aa},Waka Kotahi NZ Transport Agency,rural,1,228,-38.34400,175.16772
{2ccc6c72-792e-4904-9ebb-6ece947d2a98},Waka Kotahi NZ Transport Agency,rural,1,228,-37.80522,175.76994
{d5c3449e-35b5-4266-8a4f-442cd2500beb},Waka Kotahi NZ Transport Agency,rural,3,226,-37.55412,175.70169
{e6a03fc1-93a8-4e3f-8a5b-dbfdac266bae},Waka Kotahi NZ Transport Agency,rural,3,226,-46.13155,167.68787
{fb8bd305-f3d9-45cf-a0f6-d8e44c8f1d60},Waka Kotahi NZ Transport Agency,rural,3,223,-42.44994,171.21131
{0459dec8-aa52-4a94-bcbc-33b7938291b8},Waka Kotahi NZ Transport Agency,rural,1,222,-36.85173,174.77465
{8e06402b-bb00-4941-90da-9b3bbb65a24a},Waka Kotahi NZ Transport Agency,rural,1,222,-38.00929,177.28713
{117328eb-2653-45f6-85c4-5736fe237205},Waka Kotahi NZ Transport Agency,rural,2,222,-36.85034,174.77575
{e7870c7b-c8e3-4846-ba7e-66cd39131a14},Waka Kotahi NZ Transport Agency,rural,1,222,-38.15118,176.26551
{6424fde5-1857-4e77-9e55-aaa5b45ca3f6},Waka Kotahi NZ Transport Agency,rural,1,221,-41.03033,174.89716
{b7008087-07c9-45c7-8fc8-50340f6312ae},Waka Kotahi NZ Transport Agency,rural,2,221,-35.93599,173.87647
{b2c73cc6-0083-4b44-a345-a9d4ea85d663},Waka Kotahi NZ Transport Agency,rural,1,221,-37.94303,175.66719
{349a989b-6ace-4168-9c5c-c8ef5bed8ce5},Waka Kotahi NZ Transport Agency,rural,1,221,-41.14874,174.84119
{978e5d83-69ab-489d-b7bc-1d57194b8950},Waka Kotahi NZ Transport Agency,rural,2,219,-41.74926,171.50127
{d08b4718-045f-4cc1-8999-ee68fe4f57a6},Waka Kotahi NZ Transport Agency,rural,1,219,-38.99590,175.80385
{ab428af4-ac89-41ba-9406-ab4cc9aef8d1},Waka Kotahi NZ Transport Agency,rural,2,219,-41.02728,175.52532
{8242d740-11c3-4d07-8c6e-d9622a0e38e1},Waka Kotahi NZ Transport Agency,rural,1,218,-37.81787,175.79327
{0cc1997b-8a61-466a-92b3-3e4cfb02846f},Waka Kotahi NZ Transport Agency,rural,1,218,-38.08947,176.21366
{d80e3d40-cfa7-40ed-a740-727fda964d2f},Waka Kotahi NZ Transport Agency,rural,1,217,-43.57058,172.69424
{064c7683-6961-43b1-8861-ced2f6b797c8},Waka Kotahi NZ Transport Agency,rural,1,217,-37.70221,176.14691
{426a7de3-7c82-4982-beea-b3a6c695b470},Waka Kotahi NZ Transport Agency,rural,7,217,-37.94244,175.66743
{c5444a99-628c-448c-89e8-122122204fd7},Waka Kotahi NZ Transport Agency,rural,2,216,-37.12848,175.53463
{6c4bed42-3b61-40ba-b38c-49b2ac1ca9d8},Waka Kotahi NZ Transport Agency,rural,1,216,-38.00531,177.28713
{8164adc6-c25a-4034-a2c0-fd4e57c8da82},Waka Kotahi NZ Transport Agency,rural,3,212,-41.02441,175.52803
{bf119236-be10-415b-befd-83585f95f10c},Waka Kotahi NZ Transport Agency,rural,5,212,-41.26680,173.27844
{9069bf15-ec1e-41e5-af49-3a94eac2a75b},Waka Kotahi NZ Transport Agency,rural,1,211,-38.00425,177.28851
{00b840fe-5913-4999-b83f-09c3bae25c48},Waka Kotahi NZ Transport Agency,rural,1,211,-41.13432,173.00987
{8dcd3a10-3762-4c32-a2a0-0c8b7bd4beb6},Waka Kotahi NZ Transport Agency,rural,1,207,-39.16160,174.20878
{77f577f3-b2b2-4a48-8611-4ddac42e236e},Waka Kotahi NZ Transport Agency,rural,2,204,-42.45164,171.20991
{85683c2b-29ce-48c3-8e86-46994b390b57},Waka Kotahi NZ Transport Agency,rural,1,204,-40.77887,175.14103
{002aff5b-3235-4e6a-8f42-a3e39cdd8691},Waka Kotahi NZ Transport Agency,rural,1,203,-41.49870,173.96298
{2316b000-2b0e-4b2c-83c9-88f204705aff},Waka Kotahi NZ Transport Agency,rural,2,200,-43.39370,170.17899
{c2ae1e48-10c8-40f8-8214-ee1eeb7ecb6b},Waka Kotahi NZ Transport Agency,rural,1,199,-42.71805,170.96583
{07559b66-4dd8-40e4-9cc5-59a8008b64ae},Waka Kotahi NZ Transport Agency,rural,1,199,-36.39129,174.65012
{f3df27f6-8a5c-4ae3-ad74-b5bb3e21a9b3},Waka Kotahi NZ Transport Agency,rural,1,198,-43.56879,172.69302
{77e269e4-50c5-4c6f-ba8a-1977a41c2d86},Waka Kotahi NZ Transport Agency,rural,2,196,-38.34255,175.16681
{e7eef0ee-2f77-4b18-97e8-7ab06729aee8},Waka Kotahi NZ Transport Agency,rural,2,193,-39.05974,174.07412
{7cc46a72-7168-44b8-9cee-2462f7b44988},Waka Kotahi NZ Transport Agency,,1,192,-37.66891,176.21201
{b9ff9333-b308-4a7d-9024-af40bd370e19},Waka Kotahi NZ Transport Agency,rural,1,190,-45.90188,170.44911
{bb1923fc-1e76-4433-bc93-484c1e444e14},Waka Kotahi NZ Transport Agency,rural,1,189,-36.87520,174.78022
{a259bea3-05de-48d6-8d1d-275a6a112ba7},Waka Kotahi NZ Transport Agency,rural,1,189,-37.93810,175.67102
{480dc3b6-f2ce-4706-9aae-fdb99d8c79f5},Waka Kotahi NZ Transport Agency,rural,1,188,-41.01995,175.53213
{38380d17-bada-4560-97be-490f19f33748},Waka Kotahi NZ Transport Agency,rural,1,188,-37.66555,176.20594
{e1e35ba7-cd37-42ee-b0a2-1f3aa11faec7},Waka Kotahi NZ Transport Agency,rural,1,185,-43.57307,172.69557
{42b347a6-c111-4073-98e5-712d5a47e0db},Waka Kotahi NZ Transport Agency,rural,1,183,-38.12222,176.31238
{ddc0eca3-37ce-49f8-a7e7-8c7ddf1518bb},Waka Kotahi NZ Transport Agency,rural,1,183,-40.75629,175.16386
{1c5ac96c-9229-4459-8c81-0bf3009ee275},Waka Kotahi NZ Transport Agency,urban,1,182,-37.67543,176.22139
{bd2bf187-9d71-4596-a45d-7cf3eb890003},Waka Kotahi NZ Transport Agency,rural,1,182,-43.57299,172.69566
{9f5f564a-21b4-4ab5-8f78-74d0f4f54319},Waka Kotahi NZ Transport Agency,rural,1,181,-38.13032,176.30109
{01a1e6d9-5255-4e46-a61f-17e9d75e04a2},Waka Kotahi NZ Transport Agency,urban,1,181,-37.68406,176.22900
{7612ba8f-0f5d-46f4-a1d6-7911f1936eea},Waka Kotahi NZ Transport Agency,rural,2,180,-37.11177,175.52043
{64cc3a6d-066d-4f20-b1ed-0fcfc17458d7},Waka Kotahi NZ Transport Agency,rural,1,180,-37.70251,176.14582
{0fd13a11-96f3-413b-a870-c5b3d07b462c},Waka Kotahi NZ Transport Agency,rural,1,179,-38.67774,177.91114
{c4495146-b04a-40d8-a572-175e0d7a4719},Waka Kotahi NZ Transport Agency,rural,4,179,-37.70817,175.20772
{8e2b511a-80d6-4ee8-915d-7635978ed879},Waka Kotahi NZ Transport Agency,rural,2,174,-41.03183,175.52087
{6e7abf85-f8ea-4c62-a2ef-1c0369834fc5},Waka Kotahi NZ Transport Agency,rural,1,174,-40.33297,175.84934
{e9a5cad8-328b-4b32-8856-f92ddc22b4bc},Waka Kotahi NZ Transport Agency,rural,1,174,-43.39310,170.18097
{b7cf1e65-0db1-49af-ae00-a44f10d1c692},Waka Kotahi NZ Transport Agency,rural,3,173,-37.94322,175.66108
{8bbe1ab1-2c15-4e18-ab84-e9f6161457b6},Waka Kotahi NZ Transport Agency,rural,1,173,-37.65626,175.53550
{8a77b1bf-2917-48cd-abea-a3959487acbc},Waka Kotahi NZ Transport Agency,rural,1,173,-37.94155,175.66956
{ce67f46e-a0d6-4460-abec-7ca14fec822d},Waka Kotahi NZ Transport Agency,rural,3,172,-37.80154,175.31772
{0aec0e86-c115-4379-ba34-bab36142a89b},Waka Kotahi NZ Transport Agency,rural,1,172,-40.33355,175.85257
{0ee814b4-c426-4327-99e1-a9a86a6551d4},Waka Kotahi NZ Transport Agency,rural,9,172,-41.21622,174.88245
{e4ee652b-c865-43e2-a341-0b297a9aaca6},Waka Kotahi NZ Transport Agency,rural,3,172,-39.05849,174.07503
{86ce7f5a-0d55-47a3-9efe-bf7eb8ab6aff},Waka Kotahi NZ Transport Agency,rural,2,170,-38.03370,176.77292
{231d1312-1600-40a2-95d7-58b061727760},Waka Kotahi NZ Transport Agency,rural,3,170,-37.13116,175.53655
{ea71dcec-853b-4cd7-aec8-83e640ff09d1},Waka Kotahi NZ Transport Agency,rural,1,170,-35.95111,173.86381
{083fe487-294b-48af-9875-1440bbca3475},Waka Kotahi NZ Transport Agency,rural,1,170,-41.76358,171.60051
{761b430e-94d4-48f0-b735-8d9d4857ae15},Waka Kotahi NZ Transport Agency,rural,1,170,-41.07659,174.87426
{7d4a17a3-a3c2-4ef5-bcc9-a08d324eb66b},Waka Kotahi NZ Transport Agency,rural,1,169,-39.06170,174.06442
{d4c80ca2-923b-4ec2-b85e-571e24a67409},Waka Kotahi NZ Transport Agency,rural,1,169,-37.65725,175.53403
{a57d14fd-063f-4b68-bbbb-928cf93b1056},Waka Kotahi NZ Transport Agency,rural,1,167,-37.80124,175.31858
{4b47ba97-8c1d-4ceb-b12a-ba8eed92c32d},Waka Kotahi NZ Transport Agency,rural,7,166,-37.68391,176.22147
{711004a9-e06f-4b09-a952-0707efbc5c89},Waka Kotahi NZ Transport Agency,rural,1,166,-42.07082,171.84425
{c0281674-d0cc-452f-b40c-911f9cc52a43},Waka Kotahi NZ Transport Agency,rural,2,165,-38.15007,176.23919
{9098c25d-02d3-494e-a55b-2e76f88d80b0},Waka Kotahi NZ Transport Agency,rural,1,164,-37.66569,176.20396
{fac1bfd8-6e7c-4336-8844-65134a062bea},Waka Kotahi NZ Transport Agency,rural,1,163,-37.70004,176.13528
{d196cdd2-e336-4ff7-b9f4-9da4fda4054f},Upper Hutt City Council,urban,1,163,-41.11620,175.06624
{7e8dfcdc-a254-4a96-be97-48104b026260},Waka Kotahi NZ Transport Agency,rural,1,161,-38.13701,176.29230
{ab3918be-93b4-49ac-8a07-303e5d12cf68},Waka Kotahi NZ Transport Agency,rural,1,160,-41.04056,174.88470
{f633ae6a-481e-4663-bc5c-c08d1f0c9f93},Waka Kotahi NZ Transport Agency,rural,1,158,-45.90181,170.44890
{2c94fc14-a45f-478f-b87e-8cfa41077c32},Waka Kotahi NZ Transport Agency,rural,1,158,-38.13436,176.29576
{1ca91ab5-6558-4d4d-8716-405333e1523d},Waka Kotahi NZ Transport Agency,,1,158,-36.85838,174.75609
{d6934d70-99f4-4562-88ed-b3f84eac898d},Waka Kotahi NZ Transport Agency,rural,1,157,-37.81149,175.77775
{c03b0257-fffb-48de-9cf7-4b3eaf51ef24},Waka Kotahi NZ Transport Agency,rural,1,157,-38.03981,175.78735
{a81934f7-3292-4bda-9133-34597f04c3b1},Waka Kotahi NZ Transport Agency,rural,1,156,-41.03551,175.51704
{e6974a2c-df2d-4b31-afce-6d914ec1c2c1},Upper Hutt City Council,urban,1,154,-41.10089,175.10337
{14482df7-07ee-4ab1-9464-7d46ac096b06},Waka Kotahi NZ Transport Agency,rural,1,153,-41.03442,175.51818
{139f956e-eb20-42b2-af39-28c657186385},Waka Kotahi NZ Transport Agency,rural,1,153,-36.85305,174.77335
{4d02a024-2521-4606-b028-2c79e98a5915},Upper Hutt City Council,rural,1,152,-41.09074,175.13781
{8b7fe60a-dabd-4f25-b978-930b475ac6c0},Waka Kotahi NZ Transport Agency,rural,1,151,-42.85071,171.55964
{d7ec4052-dd88-43d4-8ee0-b26cf6b190ab},Waka Kotahi NZ Transport Agency,rural,1,151,-37.07044,175.51872
{d6ab39e8-ebc4-427d-a8dd-7da18077ad1f},Waka Kotahi NZ Transport Agency,rural,1,151,-41.25129,173.06908
{f45cd5a9-a0da-474e-bed9-1dbb8beefd02},Waka Kotahi NZ Transport Agency,rural,1,149,-41.02861,175.52405
{6005f4ba-46f2-4a9e-91ef-a011bb3338ca},Waka Kotahi NZ Transport Agency,rural,1,148,-39.05712,174.08280
{0d3c2695-f749-4bd3-9971-fad03dac1d51},Waka Kotahi NZ Transport Agency,rural,1,148,-38.45362,176.69279
{431de014-9840-48a5-8ca9-3b4730b5c424},Waka Kotahi NZ Transport Agency,rural,1,147,-38.08934,176.21436
{2cd94578-a0ed-41d0-804e-37368869124e},Waka Kotahi NZ Transport Agency,rural,1,146,-41.90960,171.89753
{ba87c4a9-3647-403a-a270-d4306f717ca1},Waka Kotahi NZ Transport Agency,rural,2,145,-41.52855,171.96862
{d358b3cc-6428-42f7-9dd2-a410af49f106},Waka Kotahi NZ Transport Agency,rural,1,145,-37.65995,175.52523
{9d1c976f-2ecd-461a-96cc-aa9512183675},Waka Kotahi NZ Transport Agency,rural,1,144,-37.68431,176.22076
{c89e6312-3d11-488c-81dc-4eaf63963db2},Waka Kotahi NZ Transport Agency,rural,1,144,-39.05120,174.10606
{549306af-f0e5-4556-9d90-e1f023ebadac},Waka Kotahi NZ Transport Agency,rural,1,142,-37.81075,175.77632
{b50cb7f0-5ce7-46fb-bd2a-8c8f6dc60fa4},Waka Kotahi NZ Transport Agency,rural,1,142,-43.53998,172.56833
{0f7fe25f-74be-4636-a995-df69873d8fd7},Waka Kotahi NZ Transport Agency,rural,1,141,-38.66845,178.02748
{6b8ec8d3-f01f-4c2a-86b8-56832ee88664},Waka Kotahi NZ Transport Agency,rural,1,141,-41.15034,174.84098
{e7db446e-6b15-4dd1-ad03-b37d56260441},Waka Kotahi NZ Transport Agency,urban,1,139,-37.67393,176.21990
{c40613a1-f5e6-4270-904b-520aef241b0a},Waka Kotahi NZ Transport Agency,rural,5,139,-41.13857,174.84503
{8ee71f22-c3fe-459c-b03b-8ecf840ce3be},Waka Kotahi NZ Transport Agency,rural,2,139,-41.33661,173.18177
{fe8ac57c-2694-49b3-a48e-84a853b6ee19},Upper Hutt City Council,rural,1,137,-41.08733,175.14921
{5014f7cd-37e8-49f6-8235-5cfba9b2290b},Waka Kotahi NZ Transport Agency,rural,1,137,-37.14998,175.55050
{87ca52ac-d497-4c41-96d6-2a7772643cf8},Waka Kotahi NZ Transport Agency,rural,1,137,-37.30984,175.06733
{a7be798b-0867-4b3a-917c-d59e899a7f4f},Upper Hutt City Council,urban,1,137,-41.09526,175.12135
{cec3dc73-65a9-476a-b29c-78b400ac3295},Waka Kotahi NZ Transport Agency,rural,1,136,-37.64760,175.54628
{bb0f0ebc-6fee-4631-946d-7bcc4579951a},Waka Kotahi NZ Transport Agency,rural,1,135,-41.50270,173.96075
{d141d67f-2ea0-4d87-ba00-a3079c50f43b},Waka Kotahi NZ Transport Agency,rural,1,134,-38.11867,176.31492
{7893ae07-ceca-4a34-825f-2f5ea1a95c90},Waka Kotahi NZ Transport Agency,rural,1,133,-41.15750,174.83787
{a78a7b4d-d0c9-4757-b63d-4b2e77985825},Waka Kotahi NZ Transport Agency,rural,1,133,-44.01240,169.38360
{c3c5431b-925c-40a4-bfff-6508e6b226ec},Waka Kotahi NZ Transport Agency,rural,1,133,-37.81045,175.77526
{ef69ae63-3897-495e-9b2f-dbf2853dba38},Upper Hutt City Council,urban,1,132,-41.10041,175.10481
{00786f69-e193-46eb-a6c5-47973f859fe7},Upper Hutt City Council,rural,1,132,-41.08743,175.15073
{9938a8a4-35e4-41bc-bfab-618d212b4c25},Waka Kotahi NZ Transport Agency,rural,1,131,-41.99773,171.89494
{ea7ab56d-5d5c-4e53-93ae-94475d646373},Waka Kotahi NZ Transport Agency,rural,2,131,-37.81290,175.78050
{310738ef-9ec7-4acc-a1e6-39cd1fcef780},Waka Kotahi NZ Transport Agency,rural,1,128,-37.14506,175.66152
{6266bcba-9e37-4c82-aaa0-fd05eed7b10d},Waka Kotahi NZ Transport Agency,,1,128,-37.68398,176.16315
{67c9f723-798a-4fde-8ebb-51610d98c3c4},Waka Kotahi NZ Transport Agency,rural,1,127,-43.36833,170.18494
{4a90aa16-3554-493d-ab2b-d4c2018f570d},Waka Kotahi NZ Transport Agency,rural,1,127,-41.02523,175.52726
{477e4fa8-1069-429c-a3c9-c29b4f0b6b1b},Waka Kotahi NZ Transport Agency,,1,126,-37.69493,176.15580
{609b944a-46e5-431e-b3fc-3fe60130ec85},Waka Kotahi NZ Transport Agency,rural,1,126,-37.66560,176.20418
{a4744003-f61a-47e8-bf88-b7f62a42d6b1},Waka Kotahi NZ Transport Agency,rural,1,124,-37.11276,175.52181
{e29cbdbf-e5b6-4bff-85f8-c60d5f9b46b6},Waka Kotahi NZ Transport Agency,rural,1,123,-37.94719,175.65282
{0aa5c348-986c-4f93-afa3-05e8e2008f4d},Waka Kotahi NZ Transport Agency,rural,2,123,-41.03078,175.52192
{c8390eac-a02a-4c1b-a420-91a893eb16a8},Waka Kotahi NZ Transport Agency,rural,1,122,-41.50156,173.96106
{f6bf4f65-8b73-4ae5-a13c-7a7292cf27bf},Waka Kotahi NZ Transport Agency,rural,1,122,-41.52900,171.96771
{9dcf3c86-f34a-4e8a-95b9-fefdfea21d3f},Waka Kotahi NZ Transport Agency,,1,121,-36.85811,174.75570
{7f3cc0bc-3e51-4118-b96e-7dd4e82b756d},Waka Kotahi NZ Transport Agency,rural,1,121,-37.81238,175.78028
{ac4d94cc-ff9b-4095-a12c-e429c0809afc},Waka Kotahi NZ Transport Agency,rural,1,119,-41.15748,174.83805
{a94a738c-a056-49ac-825e-f8e696ccf45e},Waka Kotahi NZ Transport Agency,rural,1,118,-37.69905,176.12897
{8588f8ff-a2d8-45a0-8f8d-cbdf19e9489f},Waka Kotahi NZ Transport Agency,rural,2,118,-37.81017,175.77399
{1b295a23-cfa3-49ea-ac49-9bd57a8ea31c},Waka Kotahi NZ Transport Agency,rural,2,118,-41.04079,175.51127
{9d941ea4-d2b8-482f-bf7c-67f7c4a549b5},Waka Kotahi NZ Transport Agency,rural,1,118,-43.51789,171.65638
{b28f1fa3-1319-4d1a-b9bd-5ad85188caa7},Waka Kotahi NZ Transport Agency,rural,2,118,-41.01924,175.53278
{38051632-ebd5-4ef5-a3d0-88224b85a042},Waka Kotahi NZ Transport Agency,rural,1,117,-37.13785,175.54025
{8b5f1b9b-3eb8-4133-8635-e5e866bafb85},Waka Kotahi NZ Transport Agency,rural,1,117,-41.03972,175.51246
{bea82870-6e9e-4420-bdcc-c54108d44ba1},Waka Kotahi NZ Transport Agency,rural,1,116,-41.10229,174.86993
{183b1be6-a872-4aca-9d40-37b8c400b6a9},Waka Kotahi NZ Transport Agency,rural,2,115,-45.25573,169.39110
{7a1a3315-abeb-439c-b0db-6cf1dd2a76ce},Waka Kotahi NZ Transport Agency,rural,1,115,-37.80981,175.77404
{65b5c6e4-e3db-43e6-801d-23e8c8d57662},Waka Kotahi NZ Transport Agency,rural,1,115,-39.15588,174.20637
{d94f4294-a07c-4541-9616-fc68fb8c8831},Waka Kotahi NZ Transport Agency,rural,1,114,-41.10645,174.86754
{5cc807c5-60ec-415d-8328-413d14ca51f3},Waka Kotahi NZ Transport Agency,rural,1,113,-38.14515,176.23791
{167f5412-2108-4d56-b90c-659deaf88915},Waka Kotahi NZ Transport Agency,rural,1,113,-37.13610,175.53940
{da1ea383-bd52-4582-93ad-785ebe6683cc},Waka Kotahi NZ Transport Agency,rural,1,113,-41.10628,174.86737
{3b143c9c-ee88-47a6-a012-d4ca7e7d166b},Waka Kotahi NZ Transport Agency,rural,2,113,-41.02967,175.52303
{2b9d6986-22cf-4d87-b918-75c018a3a430},Waka Kotahi NZ Transport Agency,rural,1,111,-41.60713,171.87666
{b72dcb24-9645-437e-afce-48bb80ac8d73},Waka Kotahi NZ Transport Agency,rural,1,110,-38.66866,178.02901
{a535b4dd-1161-4442-9bf5-5d7be9aeb9d7},Waka Kotahi NZ Transport Agency,rural,2,110,-37.65909,175.52953
{0f2ce92f-0bed-4897-9094-535c60e4610f},Waka Kotahi NZ Transport Agency,rural,1,109,-37.13517,175.53895
{5b136e68-a950-4c06-9e61-d6c41530b7ca},Upper Hutt City Council,urban,1,108,-41.10232,175.09944
{20f18bd1-8922-4c83-a5b4-51c324c7f9fc},Waka Kotahi NZ Transport Agency,rural,1,107,-36.85598,174.65144
{22373810-29c1-481b-8b49-d93c244f3cfa},Waka Kotahi NZ Transport Agency,rural,1,107,-43.55501,172.67022
{2e9ecf85-f8f9-4059-84b8-4cbc9fd868cb},Waka Kotahi NZ Transport Agency,rural,1,106,-41.02768,175.52494
{6fa6cd1d-c644-424b-a177-ab0209e5c0b2},Waka Kotahi NZ Transport Agency,rural,1,105,-38.16020,176.25377
{b8dd86d8-7754-439f-a572-66b178bffaef},Waka Kotahi NZ Transport Agency,rural,1,105,-42.30907,172.20346
{103d158d-156a-486e-be9c-bff901a49e57},Upper Hutt City Council,rural,1,105,-41.09005,175.15384
{8a01f145-553a-4055-8141-6eff58f24326},Waka Kotahi NZ Transport Agency,rural,1,105,-37.64825,175.54520
{262fdabb-4b28-4941-b7ea-ea3bd8bfc740},Waka Kotahi NZ Transport Agency,rural,1,103,-37.81095,175.77644
{bad176ef-dbbd-4e87-94ad-1a7e5eb4e1f0},Upper Hutt City Council,rural,1,102,-41.12448,175.03125
{f5e89b77-835d-40ca-b43f-6d777e2da304},Waka Kotahi NZ Transport Agency,rural,1,101,-39.06240,174.06372
{8c7dbdb6-ab95-4ad0-9d71-e9614c8861a4},Waka Kotahi NZ Transport Agency,rural,1,101,-37.70271,176.14313
{73b9bc2f-f0f2-48c7-94a9-f2d4d33bdaa4},Waka Kotahi NZ Transport Agency,rural,1,101,-41.71019,171.76464
{51757976-a373-43f2-b51d-d0d330d4e5fd},Waka Kotahi NZ Transport Agency,,1,100,-37.69586,176.15454
{76ad217e-c904-4706-8307-70dad6158fc9},Waka Kotahi NZ Transport Agency,rural,2,100,-37.86427,175.45659
{ad0788fb-c11a-4a79-8712-d62a069bbfbe},Waka Kotahi NZ Transport Agency,rural,1,98,-37.73418,176.10744
{0f197983-36c8-4292-8395-403ebfb09a32},Waka Kotahi NZ Transport Agency,rural,3,97,-37.81031,175.77464
{d26acc4e-0292-41ce-b1bf-5ecd39f3e3d0},Waka Kotahi NZ Transport Agency,rural,1,97,-36.10233,174.24524
{758e2cc3-2db9-4da2-a6ba-e5615af6e13c},Waka Kotahi NZ Transport Agency,rural,1,97,-37.89728,175.50903
{c20b4b52-a002-4066-83a1-64ce024116d9},Waka Kotahi NZ Transport Agency,rural,1,96,-36.89347,174.80453
{4d5acd01-84fb-4ffe-9983-58de4e63ded6},Waka Kotahi NZ Transport Agency,rural,1,95,-38.45401,176.69407
{136e7d5a-5c5b-40c6-b63d-64c0e5b8f1c5},Waka Kotahi NZ Transport Agency,rural,1,95,-35.11907,173.32996
{ce9f1016-4a3f-43e2-842e-9829e9c5546c},Waka Kotahi NZ Transport Agency,rural,1,94,-41.26587,173.28064
{164f807d-07e2-4175-a39e-fed425632183},Waka Kotahi NZ Transport Agency,rural,4,94,-37.78296,175.25264
{978d624f-5777-4f0e-a120-3c4cf429e572},Waka Kotahi NZ Transport Agency,rural,1,94,-38.15930,176.25378
{9ca18a1c-c0eb-41d7-9af3-ab25995c8b3d},Waka Kotahi NZ Transport Agency,,1,93,-36.85653,174.75646
{07e08932-c069-4b45-b0e5-16d4c06052b5},Waka Kotahi NZ Transport Agency,rural,2,93,-36.79813,174.76358
{a6862db9-5213-4ee9-b877-a20a5d5afe32},Waka Kotahi NZ Transport Agency,,1,93,-37.68892,176.16032
{3130a911-564d-48c9-86f9-d00649d86005},Waka Kotahi NZ Transport Agency,,1,92,-36.85081,174.63653
{367f5bee-a35d-4dc0-a025-768adae77c0e},Waka Kotahi NZ Transport Agency,rural,1,91,-43.44104,170.07395
{a8a03e40-a1db-450c-b175-aedc7c29af23},Waka Kotahi NZ Transport Agency,rural,1,90,-37.68462,176.22949
{9ea7b0ea-cba2-444b-99f5-6cc33b88b6ab},Waka Kotahi NZ Transport Agency,rural,1,89,-37.71674,176.28807
{12ab2ab5-b81a-41c3-a414-5dc116c04eb4},Waka Kotahi NZ Transport Agency,rural,1,89,-37.71724,176.28860
{3c9944e9-193f-44f9-aebc-fc398e0ff942},Waka Kotahi NZ Transport Agency,,1,89,-37.70377,176.26426
{c5042c9d-c458-4abd-857c-c49da3f66b09},Waka Kotahi NZ Transport Agency,rural,1,89,-37.70025,176.13523
{c9009fb0-abde-4f66-9a8b-0924eaa33e7c},Waka Kotahi NZ Transport Agency,rural,1,88,-37.71282,176.27877
{0a8d91b2-e2fb-46e6-b8d1-5bfe294235c2},Waka Kotahi NZ Transport Agency,,1,88,-37.68945,176.23985
{3ae145d8-edba-4ede-adc0-47cbb6f908a0},Waka Kotahi NZ Transport Agency,rural,1,88,-41.10686,174.86645
{96a5d1e7-291d-4f52-8344-6505b4fdf853},Waka Kotahi NZ Transport Agency,,1,88,-37.69275,176.24586
{57734909-d352-4bc6-bd3f-6ee4064cb824},Waka Kotahi NZ Transport Agency,,1,88,-37.70666,176.26968
{c075a59e-a7f7-4585-a6f7-2865158ddc63},Waka Kotahi NZ Transport Agency,rural,1,86,-37.70308,176.14322
{098b3f7e-ff6b-4f9e-9477-da2a3a291d0c},Waka Kotahi NZ Transport Agency,rural,1,86,-42.12463,171.33150
{649a93b9-9b97-453a-89fb-2a43c849d08f},Waka Kotahi NZ Transport Agency,rural,1,86,-37.81188,175.77906
{9decb32f-fa37-4a90-8153-b646e20336bf},Wellington City Council,urban,1,85,-41.29953,174.78061
{7c13b203-6812-41f7-8d0a-5c777c651b24},Waka Kotahi NZ Transport Agency,rural,1,84,-37.71461,176.18335
{d2e3dee8-f544-49b5-b74e-8f1947b05db7},Waka Kotahi NZ Transport Agency,,1,84,-37.67823,176.16421
{73267539-bece-46fb-85ac-2932213a2a9d},Waka Kotahi NZ Transport Agency,rural,2,82,-38.21436,175.87053
{58811444-ba03-41be-80b8-1b749c83a015},Waka Kotahi NZ Transport Agency,rural,1,82,-42.92481,171.55718
{fd27bbf4-5ec1-4cf9-9518-473085c3f14b},Waka Kotahi NZ Transport Agency,,1,82,-36.85701,174.75604
{dcf4a89c-a6c8-4a8a-8708-464041cad045},Waka Kotahi NZ Transport Agency,,1,82,-37.67578,176.16566
{751604f5-5cf7-4422-b6aa-12b981e2c6c8},Waka Kotahi NZ Transport Agency,rural,1,81,-37.70565,176.26741
{a8b36e28-4756-4eff-9e6a-a379ef4a6fd7},Hastings District Council,urban,3,81,-39.66397,176.78260
{aef1e31e-4393-4dde-9a9b-bc495ad1018e},Waka Kotahi NZ Transport Agency,rural,1,81,-42.15202,171.75738
{cfb67d82-6f11-4934-a8f6-669fc80c6471},Waka Kotahi NZ Transport Agency,rural,1,80,-39.05544,174.08771
{969afac1-70b6-40e3-8f98-08a4ff0a7806},Waka Kotahi NZ Transport Agency,,1,80,-37.70317,176.26382
{8886d03f-d5a5-422b-8c35-54ad5471e2ec},Waka Kotahi NZ Transport Agency,rural,1,80,-42.75503,171.40249
{417388f6-2a12-4c87-8e26-84d6030328dd},Waka Kotahi NZ Transport Agency,,1,79,-37.67453,176.16814
{107390ba-1230-45fa-869b-d16dc3db3b5b},Waka Kotahi NZ Transport Agency,rural,1,78,-43.48842,172.10600
{09518323-cefb-4884-99b4-55d1a7838c8b},Waka Kotahi NZ Transport Agency,rural,1,78,-42.28734,171.67073
{b82c1d2a-2ff0-43fc-99d2-386d3af80026},Upper Hutt City Council,rural,1,78,-41.14529,174.99753
{3a749ab0-3bb5-4e04-abe8-7bd284753baf},Upper Hutt City Council,rural,1,78,-41.08883,175.14573
{e80fb8e0-06fa-486a-ac88-0d1ebf127dba},Waka Kotahi NZ Transport Agency,rural,1,78,-37.70784,175.20786
{e340a35b-c359-4356-a35f-86abba7e67c3},Waka Kotahi NZ Transport Agency,rural,1,77,-37.07145,175.51850
{f53e9c02-5f33-4d7b-845b-b87d6295fbcb},Waka Kotahi NZ Transport Agency,,1,76,-37.67787,176.16470
{4e53f0f7-67e7-470d-a53f-67e683e66bb3},Waka Kotahi NZ Transport Agency,rural,1,76,-38.12151,176.31356
{1ae410e0-4859-4ba6-b0ea-79bd4e171e39},Waka Kotahi NZ Transport Agency,rural,1,76,-37.81279,175.78127
{a37aeb66-deb8-4ea0-8f06-237f7b2f4d45},Waka Kotahi NZ Transport Agency,rural,1,75,-41.13219,174.90028
{0ed6d5b8-f258-4d66-b445-ef9fcbb59c80},Waka Kotahi NZ Transport Agency,rural,1,75,-36.91688,174.83421
{ea2afd1f-5864-43db-9956-8b9ac10873fe},Waka Kotahi NZ Transport Agency,rural,1,75,-36.85658,174.65180
{a3ba7fdd-d167-43f7-a0aa-a21359633565},Waka Kotahi NZ Transport Agency,rural,1,73,-37.65203,175.53892
{bcd5fc99-4507-4edf-92f4-f9e77050b972},Waka Kotahi NZ Transport Agency,,1,72,-37.69867,176.15301
{3f2583d7-e905-4c36-8860-b907be76a6c8},Waka Kotahi NZ Transport Agency,rural,5,72,-41.51351,173.95968
{cee54560-acb7-48dd-91f8-7183789358cd},Waka Kotahi NZ Transport Agency,rural,1,71,-35.11890,173.32908
{620e50c0-87ff-4e85-afeb-a0e6f224b371},Waka Kotahi NZ Transport Agency,rural,1,71,-42.76098,171.33397
{ae366db6-bd7d-4b33-8002-4f5451e62e24},Waka Kotahi NZ Transport Agency,rural,1,71,-37.94287,175.66883
{a2416af6-a76b-4f85-ab88-10435976f885},Waka Kotahi NZ Transport Agency,rural,1,71,-42.86728,171.55612
{40efdbda-bb77-491c-8a8e-5414719147c5},Waka Kotahi NZ Transport Agency,rural,1,69,-37.71287,176.27830
{ada69cb6-27c2-4feb-886a-a6d68986c7ab},Upper Hutt City Council,rural,1,69,-41.14538,174.99840
{13de186e-d467-4755-8755-1e2bea8ead10},Waka Kotahi NZ Transport Agency,,1,68,-37.69228,176.24555
{a010b348-1864-442d-bb3f-9713e5e511d4},Waka Kotahi NZ Transport Agency,,1,68,-37.67442,176.16782
{36009429-9544-4917-8f97-74027f0070b6},Waka Kotahi NZ Transport Agency,rural,1,68,-37.11204,175.52122
{ed45a7a5-9b83-4552-9bc0-a5b95bd38c72},Waka Kotahi NZ Transport Agency,,1,67,-37.68983,176.23983
{f837ff4e-a0eb-4b0c-9f03-057dcaaca089},Waka Kotahi NZ Transport Agency,rural,3,67,-45.13026,170.09974
{6c4ad38d-4ed3-4fe7-8e8a-421aa84d6d4a},Waka Kotahi NZ Transport Agency,rural,1,67,-37.69542,176.12622
{f5aa13af-9a95-45eb-9d85-070f0bd3bc85},Upper Hutt City Council,rural,2,65,-41.14519,174.99609
{26e966c4-247c-41de-84aa-6a9151aac4f1},Waka Kotahi NZ Transport Agency,,1,65,-45.90175,170.45074
{f0bfd5d2-08ee-469f-a14d-547d4cea2601},Waka Kotahi NZ Transport Agency,rural,1,65,-35.40940,173.80527
{eec630de-de58-4ece-807d-f3c2cb210454},Waka Kotahi NZ Transport Agency,rural,1,65,-41.64099,171.84321
{e75ef062-ff06-4dd1-adad-876f21c1d8a3},Waka Kotahi NZ Transport Agency,rural,1,65,-42.45011,171.21123
{53465a39-2b0a-4a76-b9d1-4206d2a93ca1},Upper Hutt City Council,urban,1,64,-41.09449,175.12564
{5e2a05b9-5160-47de-8463-c2f1ef6066a9},Upper Hutt City Council,urban,1,64,-41.12313,175.03901
{0edb70af-862f-457d-8da9-09d7c90882ab},Waka Kotahi NZ Transport Agency,rural,1,64,-39.15605,174.20761
{b5f1ea57-cb26-4853-85b6-d27bf5d8c301},Waka Kotahi NZ Transport Agency,rural,1,63,-41.33497,173.18626
{48d6f583-23f3-4ecf-9dba-86e5129d7d44},Waka Kotahi NZ Transport Agency,rural,1,63,-44.03966,169.37983
{5fc4fb50-ce45-412e-aba6-a5d4d485cfe7},Waka Kotahi NZ Transport Agency,rural,1,63,-37.70248,176.13984
{3f7af334-5600-4714-9427-b861b7b7e115},Waka Kotahi NZ Transport Agency,rural,1,63,-37.71456,176.28102
{715ba47e-9c7f-4f0d-9c63-77dbdab1e028},Waka Kotahi NZ Transport Agency,rural,5,63,-40.97117,174.98339
{9d3244a4-43e3-4152-a189-4693dfa6ab7a},Waka Kotahi NZ Transport Agency,rural,1,63,-35.46167,173.64802
{1c494045-7bc6-4b7c-ab82-02b20347b7d4},Waka Kotahi NZ Transport Agency,,1,63,-45.90127,170.42904
{3d9aa418-bf52-4e80-95f8-858f0f7ab759},Waka Kotahi NZ Transport Agency,rural,1,63,-36.81226,174.75060
{8aef42b8-ab6a-481c-a81f-71eeec687f92},Upper Hutt City Council,rural,1,62,-41.10515,175.09820
{756aec6e-8c39-4f21-8204-2ab4b8730660},Waka Kotahi NZ Transport Agency,,1,62,-37.67442,176.17127
{2fd0baa2-7f2f-4cbb-9d1d-2f0291480b1a},Upper Hutt City Council,rural,1,61,-41.11478,175.23180
{36680074-2f71-4a79-a538-dc4869dc2d89},Waka Kotahi NZ Transport Agency,rural,1,61,-36.98996,175.84650
{f0a56478-b13e-4fa9-985d-91eb32fabec0},Waka Kotahi NZ Transport Agency,rural,1,61,-37.80895,175.77196
{bd246ed3-652f-4013-9a1a-bce31eff1df6},Waka Kotahi NZ Transport Agency,urban,4,61,-40.98306,174.97020
{fd88ace0-345f-41de-9856-90646db34698},Waka Kotahi NZ Transport Agency,rural,1,58,-41.14344,173.00911
{ab393059-d47d-4134-894b-13790a68325e},Waka Kotahi NZ Transport Agency,rural,1,58,-42.39212,171.45915
{46d8da5e-8886-4fca-9c90-4f9c06f0bc49},Waka Kotahi NZ Transport Agency,,1,57,-37.67417,176.17135
{d1f05499-46a0-4e93-a637-4d69d7e7420c},Waka Kotahi NZ Transport Agency,rural,1,57,-36.12245,174.18682
{42ca0b4d-ad7a-46fd-a83b-611360445bd2},Waka Kotahi NZ Transport Agency,urban,1,57,-37.68266,176.22603
{4bb2b61e-80bf-42a3-a041-46258c2cbe18},Waka Kotahi NZ Transport Agency,,1,57,-43.48948,172.65221
{8c0dc5ab-cc33-492a-beb1-f36a76737eb8},Waka Kotahi NZ Transport Agency,rural,1,56,-37.69551,176.12602
{6d678b1e-faaf-46bb-9795-d151b3320db9},Upper Hutt City Council,urban,1,56,-41.11628,175.06508
{8b683dd8-fc9d-4935-ae79-d53cf1172b74},Waka Kotahi NZ Transport Agency,rural,1,56,-38.41412,175.10902
{e52f7405-11ce-40b2-a93c-6e421383965b},Waka Kotahi NZ Transport Agency,rural,1,56,-42.02291,171.86837
{4dbcba61-cee8-4baf-ac17-090f3536a850},Waka Kotahi NZ Transport Agency,rural,1,55,-40.96423,175.60992
{5ca68676-8527-4feb-8026-a740fb9385b5},Waka Kotahi NZ Transport Agency,rural,1,55,-43.40472,170.09672
{d16200b7-55b7-4a19-a9c8-9b5a947a67ae},Waka Kotahi NZ Transport Agency,rural,1,55,-41.08241,174.86946
{a4cd7a60-8cd3-4d88-af23-b39e1626b473},Waka Kotahi NZ Transport Agency,rural,1,54,-40.98179,174.96969
{3e901632-480a-4fae-91ad-c902680b7823},Waka Kotahi NZ Transport Agency,rural,1,53,-43.57043,172.69118
{c6a81b42-27c7-467a-955b-bd0c64889f02},Waka Kotahi NZ Transport Agency,rural,1,52,-35.09925,173.25979
{0c0dd319-ad47-478d-8fcd-a03b3f6efa75},Waka Kotahi NZ Transport Agency,rural,1,52,-36.09950,174.23630
{84a223d2-9d42-47ff-901b-eb7248da884d},Waka Kotahi NZ Transport Agency,,1,52,-37.66983,176.21367
{38ff8117-3608-42bb-b748-f2100b79202b},Waka Kotahi NZ Transport Agency,rural,1,52,-43.40288,170.11767
{08201b84-6c29-4ae5-ade8-000bd363852b},Waka Kotahi NZ Transport Agency,rural,1,51,-41.24717,174.81382
{7fb2f298-a986-45fb-bbcd-8a75823ec921},Upper Hutt City Council,rural,1,51,-41.09794,175.11083
{ef872acd-fe2b-42e9-8f4d-72857c6e3841},Upper Hutt City Council,rural,1,50,-41.12276,175.03946
{1375f3b1-b4f4-4b55-aea7-561170215042},Waka Kotahi NZ Transport Agency,rural,1,50,-46.42719,168.35090
{42f469f9-f241-46dc-b911-61969ad707ba},Waka Kotahi NZ Transport Agency,rural,1,49,-43.75812,169.14948
{29aaff73-20a3-4415-8dcc-c0207d6dbc66},Waka Kotahi NZ Transport Agency,rural,1,49,-37.69518,176.12560
{51db1d9c-0d2f-4005-8a6b-a477a3d4dbd1},Upper Hutt City Council,rural,1,48,-41.12222,175.03614
{42ca81b0-fbf1-4bfa-9ba2-d94d159ca0c3},Waka Kotahi NZ Transport Agency,rural,1,47,-41.08285,174.86926
{88b833a7-b59d-4692-8960-8ccc102cc4aa},Waka Kotahi NZ Transport Agency,rural,1,46,-36.81212,174.75150
{1be389bb-f816-4571-a053-cf63b3f860ca},Waka Kotahi NZ Transport Agency,rural,1,45,-36.79814,174.76365
{49f30def-9588-4285-ac5d-704059700511},Waka Kotahi NZ Transport Agency,rural,1,44,-37.95338,176.78551
{9f4de03e-63ff-4b9e-961e-8a0b7dee0d36},Upper Hutt City Council,rural,1,43,-41.14497,174.99664
{8e4b852d-9b9c-4cba-8b72-5bdeff2286aa},Waka Kotahi NZ Transport Agency,rural,1,42,-43.38495,170.13195
{0d9d5c76-5d5c-4a42-a80c-a1f39a3db9c3},Waka Kotahi NZ Transport Agency,rural,1,42,-36.86399,174.76610
{7ed4ee65-78b6-4af3-a857-c89885ec658b},Waka Kotahi NZ Transport Agency,rural,1,42,-37.73561,176.10666
{929d52cc-be31-4ad6-a4da-4eb4e47c65f3},Waka Kotahi NZ Transport Agency,rural,1,42,-42.13103,171.88216
{8ffea1ee-bbc3-4e99-bca0-3fa87022b3cb},Waka Kotahi NZ Transport Agency,rural,2,41,-43.54836,172.57946
{b3ff2d60-4a44-42ab-990d-0bd140d59573},Waka Kotahi NZ Transport Agency,,1,39,-37.70020,176.09473
{f485f912-4dcc-4d0d-9470-825dff53cb21},Waka Kotahi NZ Transport Agency,rural,1,39,-36.81824,174.61496
{f9eba365-19b2-4c3d-9423-9e0043b628bc},Waka Kotahi NZ Transport Agency,rural,2,39,-41.14518,174.99667
{949376c7-4e16-40e9-99b9-e6bed21fd8fb},Waka Kotahi NZ Transport Agency,rural,1,39,-37.94245,175.66916
{1bebd8e2-f931-4397-a5e3-b98be44dcbc9},Waka Kotahi NZ Transport Agency,urban,2,39,-40.98294,174.97048
{5243f756-1f99-4ab2-8f65-976d250fbd4a},Upper Hutt City Council,urban,1,39,-41.12322,175.03887
{a445378e-c53c-4bb1-8768-d4f8fe8469a3},Waka Kotahi NZ Transport Agency,rural,1,38,-43.37483,172.64717
{eb38327d-e8da-4124-9267-d630448782a0},Waka Kotahi NZ Transport Agency,rural,1,38,-36.85859,174.76357
{b2164a17-9b04-426d-9485-27404b51ea40},Upper Hutt City Council,rural,1,37,-41.09777,175.11131
{d3e6184a-1d18-4420-b874-b23b626028e1},Upper Hutt City Council,rural,1,37,-41.11612,175.06370
{2a07f91e-51ff-4527-b5e1-bd858246779d},Waka Kotahi NZ Transport Agency,rural,1,37,-37.07390,174.92625
{ce9c13e8-e871-4984-905c-38379e033ed8},Waka Kotahi NZ Transport Agency,rural,1,36,-36.79981,174.76076
{83b11e57-8b97-42f9-987d-ce14d82853d0},Upper Hutt City Council,urban,1,36,-41.09433,175.12554
{1a7f6703-60c7-48dc-ba15-6893a83c09f5},Upper Hutt City Council,urban,1,35,-41.09520,175.12213
{6ef858c2-b86b-4a12-8bb9-c6d2e8de3e9c},Waka Kotahi NZ Transport Agency,rural,2,35,-36.85823,174.65215
{3e756f79-7c1f-40a1-84cb-524fcbb4a062},Upper Hutt City Council,urban,1,35,-41.10277,175.09905
{0db56e01-6b06-4643-9e90-4624fe50c7a0},Waka Kotahi NZ Transport Agency,,1,35,-45.89973,170.37240
{18837b1e-a73a-4578-b3d4-0e40a1b880ba},Waka Kotahi NZ Transport Agency,rural,1,35,-36.83873,174.73957
{a7867f23-f4bb-46ee-b26c-8c5adad7ef7a},Waka Kotahi NZ Transport Agency,rural,1,35,-34.43112,172.68301
{3e146e0e-d2f6-4a30-af2c-5fb5e73090e7},Waka Kotahi NZ Transport Agency,rural,1,34,-36.98259,174.78426
{3f6d707b-bbd2-4d41-980f-2cfb37aec4ec},Waka Kotahi NZ Transport Agency,,1,34,-43.43709,172.63796
{7ba25d29-8b82-4e5c-8f12-4faa8976fdc8},Waka Kotahi NZ Transport Agency,rural,1,34,-36.87341,174.70534
{13c507b0-0c33-4e3e-873f-9e952c67bcf6},Waka Kotahi NZ Transport Agency,rural,1,34,-37.89557,175.50096
{e0cd9a75-6312-478b-a3ef-961860474a59},Waka Kotahi NZ Transport Agency,rural,1,33,-36.89521,174.80664
{b3a1b2c6-2adb-4e57-8354-bf9ea01a99e7},Waka Kotahi NZ Transport Agency,urban,1,33,-37.67471,176.22058
{2f39cba5-64e9-4011-9699-67da11f22364},Waka Kotahi NZ Transport Agency,rural,1,33,-37.55713,175.15938
{cd324402-132b-467d-b84a-effe283f8c1c},Waka Kotahi NZ Transport Agency,,1,32,-40.24947,175.50385
{93e11f1a-169a-4eac-becb-77c3643a4769},Waka Kotahi NZ Transport Agency,,1,32,-41.24744,174.81340
{03dc2c3c-0629-4023-ac69-2d5198baa680},Waka Kotahi NZ Transport Agency,,1,32,-43.48960,172.65573
{c0b59b31-1482-4795-99b8-1f9afdbe891d},Waka Kotahi NZ Transport Agency,,1,31,-43.43701,172.63773
{14875eb6-0c21-49bf-9ad6-f1d371edadce},Waka Kotahi NZ Transport Agency,rural,1,31,-35.30365,173.96290
{63fc7774-110d-4c1e-af7b-fb8bb6bd5233},Waka Kotahi NZ Transport Agency,rural,1,31,-37.72472,176.17065
{288c15a8-e26f-4735-9617-a40d71a8b453},Waka Kotahi NZ Transport Agency,rural,1,31,-41.10410,174.86968
{e91fe27e-24a2-4817-af94-b3418b54bce5},Waka Kotahi NZ Transport Agency,rural,1,30,-41.13323,173.00991
{12e58947-9c2f-4004-84ac-35630222277a},Waka Kotahi NZ Transport Agency,rural,1,30,-37.71184,176.18635
{603e1e74-173f-4e42-8cde-a758a38916bf},Waka Kotahi NZ Transport Agency,rural,1,30,-37.80951,175.77331
{0abc8fe5-7b12-42af-9392-c78b2c08ba2a},Waka Kotahi NZ Transport Agency,rural,1,30,-36.75761,174.70382
{aa4a815e-4bf3-4981-91c7-cd22d5652625},Waka Kotahi NZ Transport Agency,rural,1,29,-37.07372,174.92811
{3eed10f4-924b-4c67-81ab-bffaba303fa7},Wellington City Council,urban,1,29,-41.30449,174.79313
{41f19ba6-393d-424f-bd3a-c5d1135eee60},Waka Kotahi NZ Transport Agency,rural,2,29,-43.54768,172.57799
{114ff686-4bd9-426b-9ac9-52ae96bea512},Waka Kotahi NZ Transport Agency,urban,1,29,-37.67653,176.22215
{bb0145b1-38c1-46c0-95a1-575facd4a1f7},Waka Kotahi NZ Transport Agency,rural,1,29,-36.86913,174.72575
{8424db80-cea4-4ddd-9b29-77c0086543b8},Waka Kotahi NZ Transport Agency,rural,1,29,-36.96341,174.86841
{8a2a769b-6488-4143-b36e-17a64adede7f},Upper Hutt City Council,urban,1,29,-41.11671,175.06519
{e57b26a0-4d22-4fd4-a25f-c8199eefa881},Waka Kotahi NZ Transport Agency,rural,1,28,-37.72412,176.17086
{fa833684-d490-4c8b-83dc-f7fa4c6b0089},Upper Hutt City Council,rural,1,28,-41.12494,175.03092
{20423798-3e10-40ef-94ec-d79d09ee6ac2},Waka Kotahi NZ Transport Agency,urban,2,28,-36.73431,174.71803
{360c0b57-c952-4ae7-9d1c-3bc157366587},Waka Kotahi NZ Transport Agency,rural,1,28,-36.91746,174.75834
{ad7f5f4a-fdef-4123-8031-39abd50bd42d},Waka Kotahi NZ Transport Agency,rural,1,27,-36.99749,174.85232
{fe4949e1-d1f2-4b62-ae43-485fe40ab636},Waka Kotahi NZ Transport Agency,rural,4,27,-37.66476,176.20796
{81d7c483-3e48-4ec0-8eac-b148cb0922dd},Upper Hutt City Council,urban,1,27,-41.10477,175.09806
{20ad1e9f-5794-46a3-b7c3-d9a95ff38d23},Waka Kotahi NZ Transport Agency,rural,3,27,-36.78863,174.75228
{ec0a3a00-7fce-42bb-a080-9e10978ae9c9},Waka Kotahi NZ Transport Agency,rural,1,27,-36.91942,174.84012
{8a2c8423-7143-49a5-90b4-67834fb4f84d},Upper Hutt City Council,urban,1,27,-41.12293,175.03887
{651f46c7-7762-4058-bc5c-245c4549b0d1},Waka Kotahi NZ Transport Agency,rural,1,27,-37.21964,175.11355
{281953ad-75d9-4a5c-a977-f0c8c8ee8bc6},Waka Kotahi NZ Transport Agency,,1,26,-40.90878,174.99999
{9746f3f0-7744-4795-a3d5-cc745b32043f},Waka Kotahi NZ Transport Agency,rural,2,26,-36.78792,174.75314
{cb23675f-a978-4386-90b9-a51e45905d88},Waka Kotahi NZ Transport Agency,rural,1,26,-37.35498,175.08356
{5c2e170d-4bc1-4169-9009-ef0e1acc3e02},Waka Kotahi NZ Transport Agency,rural,1,26,-41.32575,174.80967
{52273b7f-6f4e-4aa2-84e4-3869577bb705},Waka Kotahi NZ Transport Agency,rural,1,26,-36.75717,174.70327
{ac5fd5d7-eadb-4063-aceb-da037c28fa21},Waka Kotahi NZ Transport Agency,rural,2,26,-36.71876,174.71219
{56658462-3a88-4b0c-8bdb-a482bc0038bf},Waka Kotahi NZ Transport Agency,rural,2,26,-38.12710,178.31715
{d662a2fd-3ef1-46a5-bf17-76e894ba2b3d},Waka Kotahi NZ Transport Agency,rural,1,26,-36.99821,174.85190
{b1ea5fbf-8888-49b3-99b2-a15b235aaa65},Waka Kotahi NZ Transport Agency,rural,1,25,-36.97379,174.78942
{96850829-0db2-42bc-a49c-f79548277976},Waka Kotahi NZ Transport Agency,rural,1,25,-36.90344,174.72369
{2ffbdb39-9b97-46e4-95d8-6b4a2de66d37},Waka Kotahi NZ Transport Agency,,1,25,-37.24822,175.02668
{16d9e936-ad1c-40d7-991f-b6ecf315d2c5},Waka Kotahi NZ Transport Agency,,1,25,-36.99350,174.88917
{0745ab0a-9e08-48cb-8e5d-15dc3d7eaeb4},Waka Kotahi NZ Transport Agency,,1,25,-34.43090,172.68286
{4f7208cc-2742-4f17-a994-ac2b2fb7fc34},Waka Kotahi NZ Transport Agency,rural,2,25,-38.66914,178.02957
{39529b1e-786c-4564-bca6-ba22481def0f},Waka Kotahi NZ Transport Agency,rural,1,24,-36.97345,174.81674
{fecec378-3859-48b6-909c-e85b944510a1},Waka Kotahi NZ Transport Agency,urban,1,24,-37.67623,176.22197
{224894a3-792d-4c4e-88bf-258a82dd1ad1},Waka Kotahi NZ Transport Agency,rural,1,24,-36.91839,174.83983
{6ed3d169-0214-424a-8f1e-2392facc5c69},Waka Kotahi NZ Transport Agency,,1,24,-36.87157,174.69744
{1ca6cbda-f571-4abd-89b6-0b8e267c818d},Waka Kotahi NZ Transport Agency,,1,24,-37.10817,174.94458
{f3f31768-f04f-416c-ac03-196a60ee69b7},Waka Kotahi NZ Transport Agency,rural,1,24,-37.71164,176.18652
{4c3dba3d-af6b-4f24-9ea0-dcca7b90ca01},Upper Hutt City Council,urban,1,24,-41.10269,175.09913
{b4ca3094-542f-42fd-aa0d-c15490f55c3a},Waka Kotahi NZ Transport Agency,rural,1,24,-36.87299,174.77401
{746f514b-4a47-4e32-9340-80da55a86d91},Waka Kotahi NZ Transport Agency,rural,1,24,-36.90382,174.72311
{67e3856b-a8ba-41e4-9263-e487756a5389},Waka Kotahi NZ Transport Agency,rural,3,23,-39.04308,177.74026
{db588373-a010-43d5-95c8-6a8b1e368653},Waka Kotahi NZ Transport Agency,rural,1,23,-37.97480,175.75089
{b7bca8f8-321f-4aa8-b7ba-d837e3e4f3bd},Waka Kotahi NZ Transport Agency,rural,1,23,-36.87196,174.70493
{fdab3246-580d-44d1-a210-d1cb288bef72},Waka Kotahi NZ Transport Agency,rural,1,23,-36.97312,174.81715
{b6634dad-b89e-4943-a22c-80b7d1a7ba64},Upper Hutt City Council,urban,1,23,-41.12344,175.03872
{737699d0-5922-4bc4-834e-f8cbe13730fe},Waka Kotahi NZ Transport Agency,urban,1,23,-37.07363,174.93067
{364aff68-22fb-4180-93c8-bb2c9912e97a},Waka Kotahi NZ Transport Agency,rural,1,22,-36.91098,174.73964
{56bd5e3f-18a9-431a-b142-52c95b47a4b1},Waka Kotahi NZ Transport Agency,rural,1,22,-36.91802,174.75814
{8e52ff4b-35e0-4188-95fa-1d61895ca75a},Waka Kotahi NZ Transport Agency,rural,1,22,-36.91579,174.83816
{af1784f4-443a-41a6-af44-569a563259c8},Waka Kotahi NZ Transport Agency,rural,1,22,-37.72483,176.17025
{05aac060-6a04-42d8-8d3c-dcfc7ee14c96},Waka Kotahi NZ Transport Agency,rural,1,22,-37.68340,176.22180
{cf074791-4872-45c7-a66a-d60324ff3798},Waka Kotahi NZ Transport Agency,,1,22,-38.41873,175.81056
{581305ec-ac18-4210-b75d-2ed57cecb155},Waka Kotahi NZ Transport Agency,rural,1,22,-36.97336,174.78869
{04511624-391b-44de-ab01-5212c0b07f18},Waka Kotahi NZ Transport Agency,rural,2,22,-36.77178,174.74314
{35b3eb51-d76a-402b-b323-cd214e2bfcf1},Waka Kotahi NZ Transport Agency,rural,1,22,-36.99186,174.88863
{386c6f88-316e-4d7f-998c-a63f7416147a},Waka Kotahi NZ Transport Agency,,1,22,-41.20456,174.82192
{10b4e4a3-6b15-4d3f-b8c5-24dee2d948c3},Waka Kotahi NZ Transport Agency,rural,1,22,-36.81889,174.61385
{de42d2fe-63b3-4da5-baef-c78a81dfc1fa},Waka Kotahi NZ Transport Agency,rural,1,22,-36.84501,174.75233
{09134aa3-b6fd-404e-9f4d-0347c811d787},Waka Kotahi NZ Transport Agency,,1,21,-43.56981,172.69289
{03962c68-72d8-4bd7-8f23-e7b7cf8310f6},Waka Kotahi NZ Transport Agency,rural,1,21,-36.88855,174.79798
{7b864f6c-2adb-48c4-b489-801622a2c4df},Waka Kotahi NZ Transport Agency,,1,21,-39.30744,176.72042
{05da846b-136a-47e2-ab1f-a9e79907b294},Waka Kotahi NZ Transport Agency,rural,2,21,-36.79900,174.76174
{e850942d-aa68-46d4-b608-9170d61c29c5},Waka Kotahi NZ Transport Agency,rural,1,21,-41.12434,173.01041
{468b0a53-668d-4dfe-bf68-0a6e43b4844d},Waka Kotahi NZ Transport Agency,rural,1,21,-36.84737,174.63140
{630e9d27-85c6-4dba-a555-197693389f62},Waka Kotahi NZ Transport Agency,rural,1,21,-36.86550,174.76781
{fbf2d4ec-79c0-4a9e-b48f-6abd3d326ae8},Waka Kotahi NZ Transport Agency,rural,1,21,-36.81892,174.61378
{7c1bc856-5eeb-48e2-8ddb-32fcd5be12de},Waka Kotahi NZ Transport Agency,,1,21,-36.81413,174.75161
{8d9c74b5-3ead-4c2d-88fb-ebcd0437bb03},Waka Kotahi NZ Transport Agency,rural,1,21,-37.68396,176.22158
{b6350a4e-b08f-4b7f-8832-cf1a550f582c},Waka Kotahi NZ Transport Agency,rural,1,21,-36.79970,174.76041
{ff06baf4-4a80-47df-9b8d-438c8772bb5c},Waka Kotahi NZ Transport Agency,rural,1,20,-36.90319,174.80802
{86ecc7cd-ee39-4ace-9f3c-f6c2c20c7aea},Waka Kotahi NZ Transport Agency,,1,20,-41.10839,174.91761
{ccaf9013-f7d6-4ee0-a7e4-26060cc84107},Waka Kotahi NZ Transport Agency,rural,1,20,-36.92949,174.78207
{2f8e5902-cfbc-40cd-9323-953fba031579},Waka Kotahi NZ Transport Agency,rural,1,20,-36.85386,174.75750
{efb36838-9da2-4a98-81cd-57067b687418},Waka Kotahi NZ Transport Agency,,1,20,-36.86774,174.76841
{70602335-de90-4d53-9fce-cd740cc3374b},Upper Hutt City Council,rural,1,20,-41.12245,175.03588
{d47f3755-32f1-44aa-966a-d9749de8edec},Waka Kotahi NZ Transport Agency,rural,1,20,-36.73584,174.71672
{c0f8786a-45a9-4159-b3d6-859b444a5b43},Waka Kotahi NZ Transport Agency,,1,20,-36.85893,174.65541
{9b9621e4-45e5-4ab7-aa67-c626d874babb},Waka Kotahi NZ Transport Agency,rural,1,20,-37.03746,174.91169
{b4bac246-f1b3-4f79-9b92-7363d0021d20},Upper Hutt City Council,urban,1,20,-41.10491,175.09824
{86576dbc-f015-407c-8789-a665edb9af8a},Waka Kotahi NZ Transport Agency,rural,1,20,-40.31376,175.79037
{2b1c30a2-5219-42c1-a0d0-76fb2ed8b54f},Waka Kotahi NZ Transport Agency,,1,20,-41.29979,173.24051
{7f05b3bd-ad7f-4cc6-99df-5078cb99f5ac},Waka Kotahi NZ Transport Agency,rural,1,19,-38.08925,176.21405
{7e92f475-6317-4b6e-b3b3-22686d30b9ac},Waka Kotahi NZ Transport Agency,rural,1,19,-38.08939,176.21415
{ef4bc2d0-210d-406a-b5b7-5ab02349aa93},Waka Kotahi NZ Transport Agency,rural,1,19,-37.13843,175.54053
{479cab05-7bd8-4321-be01-97689f3c98a0},Waka Kotahi NZ Transport Agency,rural,1,19,-36.90297,174.80794
{702a0ccc-6922-4ebc-8464-e51202d8ee1f},Waka Kotahi NZ Transport Agency,rural,1,19,-37.03552,174.90890
{efac0912-e19a-4754-8fe3-d0bdc1ecd34e},Waka Kotahi NZ Transport Agency,urban,1,19,-37.67648,176.22264
{08f4049c-a20c-437b-bd70-2a7c4e503f1c},Waka Kotahi NZ Transport Agency,,1,19,-36.86284,174.66454
{95a882b1-e9c2-4311-9561-2414f3c586f1},Waka Kotahi NZ Transport Agency,rural,1,19,-36.93874,174.85258
{21ad6102-d4b3-42fa-88cf-bb46bb252d0b},Waka Kotahi NZ Transport Agency,rural,1,18,-41.12114,174.85450
{dd2663cb-b8d6-46ce-a7b7-60d9bb830b66},Waka Kotahi NZ Transport Agency,rural,1,18,-36.91157,174.73949
{de54af55-7331-4331-98f6-dd23147f55e6},Waka Kotahi NZ Transport Agency,,1,18,-37.03342,174.91025
{cafac9d4-4b30-4110-9e14-536869988d46},Waka Kotahi NZ Transport Agency,rural,1,18,-37.80856,175.77066
{8a75b4e0-1a27-4c57-932c-07b77837d81d},Waka Kotahi NZ Transport Agency,rural,3,18,-37.81151,175.28209
{cf779cca-97e5-48df-bcb4-82ee96f1d2a0},Waka Kotahi NZ Transport Agency,rural,1,18,-37.33689,175.06166
{e503aab9-0022-4cdb-98f6-19667dfea58d},Upper Hutt City Council,urban,1,18,-41.12354,175.03885
{4ee4dd33-c9b5-4b92-b889-74ef00298967},Waka Kotahi NZ Transport Agency,rural,1,18,-36.84903,174.63174
{c8fc5e8a-0c21-4ac9-ba5e-123dce0d3cf7},Waka Kotahi NZ Transport Agency,rural,1,18,-37.81314,175.78180
{e837097a-e633-48ca-9389-cfaade6a4350},Waka Kotahi NZ Transport Agency,rural,1,18,-36.73578,174.71677
{0892df67-6fcc-4582-8843-b54f6c488a98},Waka Kotahi NZ Transport Agency,rural,1,18,-42.58500,171.12968
{c5b5350d-60d2-442c-ac9f-a395a691087b},Waka Kotahi NZ Transport Agency,rural,1,18,-40.95866,175.64574
{c9f3b3de-0387-41d2-926b-918a4ffac0f5},Waka Kotahi NZ Transport Agency,rural,1,18,-36.85495,174.76917
{c6f91090-7cd9-4c48-a214-e71e020f5160},Waka Kotahi NZ Transport Agency,rural,1,18,-46.40601,168.39324
{ee6622a5-3788-45d5-94a0-3f6c2ebc5bfb},Waka Kotahi NZ Transport Agency,rural,1,18,-37.81209,175.77958
{acb48b8f-ed8d-4880-aa3d-564a09f361bc},Waka Kotahi NZ Transport Agency,rural,1,18,-37.79952,175.39954
{245bc4d6-ca77-45ba-93c0-1fe91907b567},Waka Kotahi NZ Transport Agency,rural,1,18,-43.57518,171.58030
{65602de3-0bad-4b02-ab04-c171c7bbb63b},Waka Kotahi NZ Transport Agency,rural,1,18,-36.84554,174.75264
{3cdeafb0-c90b-4be5-a14c-a5fea0e07b55},Waka Kotahi NZ Transport Agency,,1,18,-37.73179,175.21076
{b2d69842-6d5e-40fe-8359-b35b5135a1fb},Waka Kotahi NZ Transport Agency,rural,1,18,-42.58502,171.12985
{bd095c5d-53ec-45f4-aa8b-d328584ee122},Waka Kotahi NZ Transport Agency,,1,18,-36.99350,174.84277
{3af3a063-859b-48d1-a6c1-83b73bb9da6c},Waka Kotahi NZ Transport Agency,rural,1,18,-36.99236,174.88652
{3732ce9b-74ac-4ee1-aeff-e282424cda97},Waka Kotahi NZ Transport Agency,,1,17,-36.73774,174.71871
{129ca47d-be24-4cb2-ae84-eb8fb617c53a},Waka Kotahi NZ Transport Agency,,1,17,-36.95039,174.85814
{58df162a-294a-4461-a8a7-3c15fb7791d0},Waka Kotahi NZ Transport Agency,,1,17,-36.81954,174.74958
{171caf07-1a20-4a49-b38e-03b36ff8f751},Waka Kotahi NZ Transport Agency,rural,1,17,-37.80842,175.77075
{9dca38b9-54c1-4076-a52c-55c50cc572a2},Waka Kotahi NZ Transport Agency,,1,17,-36.99957,174.89197
{cca53364-10aa-4126-a047-cd5486088a73},Waka Kotahi NZ Transport Agency,,1,17,-36.77403,174.74379
{fcb3d430-a3d8-4d62-8928-b450ebbce541},Waka Kotahi NZ Transport Agency,urban,1,17,-36.75067,174.72649
{2be38787-3c35-4e27-8d06-ed01bf1d8f69},Waka Kotahi NZ Transport Agency,,1,17,-36.86240,174.75349
{bd2ae4ab-379e-4f41-9861-f7f73a1572ec},Waka Kotahi NZ Transport Agency,,1,17,-35.70980,174.31311
{e74d476d-5237-4d1d-b3be-47f592989c98},Waka Kotahi NZ Transport Agency,,2,17,-39.03709,174.14265
{c5dca201-43f4-4b57-8871-7799780b955d},Waka Kotahi NZ Transport Agency,,1,17,-36.91687,174.75549
{01ac73e6-3093-4123-b153-e3db58c4a6ac},Waka Kotahi NZ Transport Agency,rural,1,17,-37.71509,176.28239
{c5045e2d-079e-45e6-8723-8bf4c27a65bd},Waka Kotahi NZ Transport Agency,rural,1,17,-37.68389,176.22193
{ab68e4dd-a6e8-4be3-ae35-5a564279b4b8},Waka Kotahi NZ Transport Agency,,1,17,-41.12115,174.85448
{918743a8-fe2c-47fe-a639-c1e4f0bcb1be},Waka Kotahi NZ Transport Agency,rural,1,17,-36.85505,174.76927
{b4975d59-9a27-40c0-97da-d0facd630f3b},Waka Kotahi NZ Transport Agency,rural,1,17,-36.84864,174.63151
{92abb2d7-c232-4c4b-a911-17146422619d},Waka Kotahi NZ Transport Agency,,1,17,-37.67544,176.16610
{8100761d-b302-4498-8764-ef1def4e9c7e},Waka Kotahi NZ Transport Agency,,1,17,-36.99947,174.89235
{36d8201e-4557-4f81-bccc-68afcafe5b85},Waka Kotahi NZ Transport Agency,,1,17,-36.72161,174.71374
{6dc498a3-fa3d-46f2-921c-c21918aa94f9},Waka Kotahi NZ Transport Agency,rural,1,17,-36.81227,174.75034
{62af0722-cf70-4b8c-913b-ba5c298462c5},Waka Kotahi NZ Transport Agency,,1,17,-45.89065,170.35237
{14b8f89f-6e95-4d7a-aa1e-5c1e713f137f},Waka Kotahi NZ Transport Agency,,1,17,-36.87129,174.69937
{a153a304-7456-4275-9c88-b2c9974a01f3},Waka Kotahi NZ Transport Agency,,1,17,-36.85609,174.64880
{8b903cde-cad8-4d20-8a09-42c1742a411c},Waka Kotahi NZ Transport Agency,,1,17,-36.83549,174.61975
{df0b363d-772a-4b65-a1d2-4a77b24a7f25},Waka Kotahi NZ Transport Agency,rural,1,16,-40.21621,175.41757
{9576ab16-3321-473b-bf78-060183a3eb72},Waka Kotahi NZ Transport Agency,,1,16,-45.88952,170.35574
{55d6145f-e5f8-48d8-a9c4-aab77711b68a},Waka Kotahi NZ Transport Agency,,1,16,-36.86255,174.76449
{094fdbb1-4f44-4a9c-9e8f-2dfae0ef6c93},Waka Kotahi NZ Transport Agency,,1,16,-36.93805,174.79021
{13ea8b1a-a12e-440d-8450-ba663e6bd77f},Waka Kotahi NZ Transport Agency,rural,1,16,-37.68376,176.22133
{11ba68f7-a0ea-4e91-a530-d982413dd5f5},Waka Kotahi NZ Transport Agency,,1,16,-36.87107,174.71287
{485d6c82-9d13-41c0-a919-057081d30494},Waka Kotahi NZ Transport Agency,,1,16,-36.62725,174.66302
{11c41086-baf5-4617-87da-e0752f56c954},Waka Kotahi NZ Transport Agency,,1,16,-36.87190,174.69786
{9e90cfbb-fd82-45bc-9b42-0b6f62c62374},Waka Kotahi NZ Transport Agency,,1,16,-36.99315,174.84383
{58bbce0d-20fc-40e5-b692-418ef6d3460b},Waka Kotahi NZ Transport Agency,,1,16,-36.87160,174.67895
{71e2d07b-87e2-4200-aee7-5c1941b12677},Waka Kotahi NZ Transport Agency,rural,1,16,-36.86754,174.72902
{af459a4f-5a53-46c2-8dec-8b63d67cf737},Waka Kotahi NZ Transport Agency,,1,16,-36.94122,174.85386
{a0e1343d-71eb-4c63-9048-bed88f77790f},Waka Kotahi NZ Transport Agency,rural,1,16,-36.95186,174.85993
{1dd498d1-e305-4632-857e-a2c147430202},Waka Kotahi NZ Transport Agency,,1,16,-36.78359,174.67275
{471d1b14-c867-471d-8ee9-9eea9a7cf9df},Waka Kotahi NZ Transport Agency,rural,1,16,-36.87259,174.70525
{2d78a8d3-c586-47be-867c-7f47ff3b7eea},Waka Kotahi NZ Transport Agency,,1,16,-36.82290,174.61606
{d02ad781-8b53-4455-8298-3eda259183b4},Waka Kotahi NZ Transport Agency,,1,16,-36.87499,174.70333
{31a15dc3-1eaf-40ed-b97c-6be493e58ed3},Waka Kotahi NZ Transport Agency,rural,1,16,-36.84746,174.63157
{bf911511-9035-4da7-947b-2b700eb73966},Upper Hutt City Council,rural,1,16,-41.09186,175.13257
{5b9ef7a2-724c-42b7-98d0-c3cdf655e4a2},Waka Kotahi NZ Transport Agency,,1,16,-36.92122,174.84490
{a7e63c87-bd8e-4c39-a432-89db63567e7f},Waka Kotahi NZ Transport Agency,rural,1,16,-46.40614,168.39331
{71a20049-dee5-40db-a013-c86def0b89ec},Waka Kotahi NZ Transport Agency,,1,16,-36.95171,174.79471
{8a9a9649-cab1-4f53-b0ca-94427eb30c00},Waka Kotahi NZ Transport Agency,,1,16,-36.87077,174.77263
{4623ddc3-592a-49fd-8223-006f47b85b4a},Waka Kotahi NZ Transport Agency,,1,16,-39.03778,174.14312
{2f831505-4938-4284-b1bd-633abd50f43d},Waka Kotahi NZ Transport Agency,rural,1,16,-36.99669,174.87527
{88f06364-f157-4a29-bef1-2fdd5fe163a5},Waka Kotahi NZ Transport Agency,rural,1,16,-36.99703,174.87567
{1afa77ae-2134-482b-be76-bb988516e88d},Waka Kotahi NZ Transport Agency,rural,1,16,-36.95160,174.85978
{10494eb5-ae7e-464c-bd84-17754a153324},Waka Kotahi NZ Transport Agency,,1,16,-36.86813,174.73139
{db233892-f55b-4319-aa4f-a6abcb331982},Waka Kotahi NZ Transport Agency,urban,1,16,-37.67603,176.22243
{e82fcd19-61a8-4cc9-b18c-84489d6258c9},Waka Kotahi NZ Transport Agency,,1,16,-36.92991,174.78443
{b9b4bf89-a274-41ee-8468-557d8a0f6fc5},Waka Kotahi NZ Transport Agency,,1,16,-36.86514,174.75094
{46a8e5a3-29a3-43db-b83f-607efb07c1a9},Waka Kotahi NZ Transport Agency,rural,1,16,-36.75092,174.72558
{3c9db1b5-f10f-4fd4-99f0-49bd4bb9c35e},Waka Kotahi NZ Transport Agency,rural,1,16,-37.81309,175.78157
{5388b894-e608-45ad-94c9-c385d99adca7},Waka Kotahi NZ Transport Agency,rural,1,16,-36.80011,174.75992
{ce18d3d7-0c40-4cbe-bef1-3ac458f1586e},Waka Kotahi NZ Transport Agency,rural,1,16,-41.48363,173.81590
{a57807e4-ba17-42d1-bdbe-048919eaadcb},Waka Kotahi NZ Transport Agency,,1,15,-36.83511,174.62002
{f7a91485-f95b-4315-89eb-904dc5627491},Waka Kotahi NZ Transport Agency,,1,15,-36.80317,174.76060
{8a2633ff-c10e-4bc8-87ae-d30c0f27087b},Waka Kotahi NZ Transport Agency,rural,1,15,-37.72406,176.17019
{9eef4795-5f60-4011-bc2b-f5bcd77253c0},Waka Kotahi NZ Transport Agency,,1,15,-36.38864,174.64295
{d9661bad-947f-4b9b-998f-cae4c76526db},Waka Kotahi NZ Transport Agency,,1,15,-37.79484,175.24746
{edbfc6ef-05d7-44bf-89e3-6c2c4367753a},Waka Kotahi NZ Transport Agency,,1,15,-36.79027,174.75391
{f46ef48a-602f-4eb2-a7a6-69a4abcb9a62},Waka Kotahi NZ Transport Agency,rural,1,15,-36.77197,174.74231
{5ab98db4-9b70-4e36-95c8-ca028a466fb5},Waka Kotahi NZ Transport Agency,,1,15,-37.03925,174.91030
{54d78fbf-3d75-417f-baec-950dd2a5a6f4},Waka Kotahi NZ Transport Agency,,1,15,-36.74854,174.72433
{8b2bdca2-5121-41e4-830d-2b5b31e8c0a3},Waka Kotahi NZ Transport Agency,,1,15,-36.73696,174.71877
{12306fce-bbdd-437d-af08-07fd63e2843f},Waka Kotahi NZ Transport Agency,,1,15,-36.91709,174.83570
{573f1fb0-090c-4c47-ba56-bfe783b36b75},Waka Kotahi NZ Transport Agency,,1,15,-36.78588,174.75155
{24749216-5205-4993-9ee3-ca5d45ac6dad},Upper Hutt City Council,rural,1,15,-41.11576,175.22917
{b448173c-ad1d-4924-89d5-e87f9f480773},Waka Kotahi NZ Transport Agency,rural,1,15,-37.73866,176.10844
{9928b58a-3fb0-437a-908a-e55b5e246915},Waka Kotahi NZ Transport Agency,,1,15,-36.98928,174.88656
{6e1b4a16-8240-4ba2-8c0d-c229ae227a6a},Waka Kotahi NZ Transport Agency,,1,15,-36.81454,174.75174
{cf741d52-3802-474c-8f29-948ce5b7f89a},Waka Kotahi NZ Transport Agency,,1,15,-41.30002,173.24030
{6b0295c7-5537-4233-accf-c4178ebab995},Waka Kotahi NZ Transport Agency,,1,15,-36.95423,174.85982
{306775af-46d7-4b60-ae3e-1bd37ea50de8},Waka Kotahi NZ Transport Agency,,1,15,-37.10716,174.94728
{9c882240-f0ca-4f29-b74b-8e39b23487fb},Waka Kotahi NZ Transport Agency,,1,15,-36.90618,174.72827
{3a2a4b12-3f79-4bdc-9a5c-586b8922d4c9},Waka Kotahi NZ Transport Agency,rural,1,15,-36.81877,174.61373
{8e923d16-2729-4323-b9f2-282f90e28578},Waka Kotahi NZ Transport Agency,,1,15,-36.62333,174.66276
{f5f32293-5936-4d30-a7c3-5f4b65a8d6b7},Waka Kotahi NZ Transport Agency,,1,15,-36.81146,174.75442
{ded6f032-8b75-4309-bb92-b1b54047f674},Waka Kotahi NZ Transport Agency,,1,15,-36.98269,174.88321
{9837822f-4f5f-41d1-9ecf-dcd8cbb6ae5a},Waka Kotahi NZ Transport Agency,,1,15,-36.84916,174.63397
{6b99269d-2dec-4a1e-a2e5-45ad0930c367},Waka Kotahi NZ Transport Agency,rural,1,15,-37.73546,176.10766
{d938ad81-0a4c-41ef-bb7c-72fe1e5fd107},Waka Kotahi NZ Transport Agency,,1,15,-36.85965,174.75833
{9e75d017-1461-42f4-9a2c-f2265cac4192},Waka Kotahi NZ Transport Agency,,1,15,-36.91886,174.76180
{43101633-b8f8-4bb4-8810-ee6bf250ce24},Waka Kotahi NZ Transport Agency,,1,15,-36.79772,174.76028
{d7a2d178-3154-4fb5-a920-10e4b695e561},Waka Kotahi NZ Transport Agency,,1,15,-36.85472,174.75638
{8c246808-0ae3-4e2f-9452-2e1a71f24155},Waka Kotahi NZ Transport Agency,rural,1,15,-37.73888,176.10829
{7cc94bed-fcbb-4c49-8824-197965966af1},Waka Kotahi NZ Transport Agency,,1,15,-36.87197,174.67952
{16cc7008-27c6-4b36-ab49-7fb3c5df5655},Waka Kotahi NZ Transport Agency,rural,1,14,-37.68357,176.22202
{4ccb44d5-dd9c-4904-a3ca-abaf29670244},Waka Kotahi NZ Transport Agency,,2,14,-35.73208,174.30956
{1343a7ee-728c-4660-9a88-2dca98c511fe},Waka Kotahi NZ Transport Agency,,1,14,-37.07675,174.93040
{98d5c448-52f4-4d60-a8c8-54c892913118},Waka Kotahi NZ Transport Agency,rural,1,14,-36.78143,174.67812
{d29a52b0-fff2-46cc-b8fb-7aad10eb37ee},Waka Kotahi NZ Transport Agency,rural,1,14,-37.03578,174.90923
{74bcb639-6b3c-4702-82dc-e58429ef195f},Waka Kotahi NZ Transport Agency,,1,14,-41.12507,175.03100
{d6a9b1da-be24-4256-a8dd-5fc6d52145da},Waka Kotahi NZ Transport Agency,,1,14,-36.92342,174.77150
{fc3ba563-56c2-4935-bc5b-ddc7adb3c578},Waka Kotahi NZ Transport Agency,,1,14,-36.79669,174.75980
{bb5ad581-eaaf-4e78-9a5e-9879d0f65b22},Waka Kotahi NZ Transport Agency,rural,1,14,-36.92109,174.76772
{1d2fcd8c-0fc1-4eaa-8c8c-8be6f065766a},Waka Kotahi NZ Transport Agency,,1,14,-37.10784,174.94565
{37bc410f-4699-4de7-8634-18ef08229054},Waka Kotahi NZ Transport Agency,,1,14,-36.91621,174.83203
{dc9c053c-23e6-41c0-8e09-da19bd79e501},Waka Kotahi NZ Transport Agency,rural,1,14,-36.95034,174.85956
{16b48126-82b1-4c54-9116-4b11c597bb19},Waka Kotahi NZ Transport Agency,,1,14,-36.91277,174.74209
{3e110bf7-1058-4aa5-b0c2-0a563a91bb17},Waka Kotahi NZ Transport Agency,,1,14,-36.84549,174.62829
{1ed12000-e335-43d9-aa3d-09a18ddc08f8},Waka Kotahi NZ Transport Agency,,1,14,-36.99613,174.87848
{6fbf7f32-99c5-4ac6-9418-2164869028a0},Waka Kotahi NZ Transport Agency,,1,14,-36.81587,174.61347
{f4a183ab-6520-4459-8a62-ae41b955a50e},Waka Kotahi NZ Transport Agency,rural,1,14,-37.03741,174.91136
{88f38313-74ef-4704-871f-6024106e139d},Waka Kotahi NZ Transport Agency,,1,14,-36.75580,174.73111
{b1570f78-9043-4eb4-a276-61043615ef8a},Waka Kotahi NZ Transport Agency,,1,14,-36.96239,174.86595
{72be1b90-dce4-4ec8-a54b-12413c01460c},Waka Kotahi NZ Transport Agency,,1,14,-36.83675,174.74163
{18b42619-b8e0-434b-bf55-7cd1c052ceee},Waka Kotahi NZ Transport Agency,,1,14,-36.92631,174.77765
{a07eed97-140e-4b0e-9fe4-96bf6a7a8974},Waka Kotahi NZ Transport Agency,,1,14,-37.73349,175.20904
{fe1eea79-bd37-4fd4-b2a8-8faf3cda150a},Waka Kotahi NZ Transport Agency,,1,14,-37.07585,174.92972
{8254a8cd-8da6-4954-a61e-ab288d45b6a5},Waka Kotahi NZ Transport Agency,,1,14,-36.87962,174.78440
{215e6833-845f-4036-a780-2d3ee6df1e7a},Waka Kotahi NZ Transport Agency,rural,1,14,-37.73898,176.10796
{09f6e263-7b7e-4399-ac6c-722977efdfe8},Waka Kotahi NZ Transport Agency,rural,1,14,-37.73526,176.10753
{b8085e56-414a-4a4b-8539-97cd7b8bb48b},Waka Kotahi NZ Transport Agency,,1,14,-36.73137,174.71582
{b753e882-63d4-4abb-8530-7355f45f22a0},Waka Kotahi NZ Transport Agency,,1,14,-37.14561,174.97082
{8886f149-de27-426f-8053-03718b38af23},Waka Kotahi NZ Transport Agency,rural,1,14,-37.71419,176.28256
{021cd8e4-20b7-4c12-b7ba-58d9eacb0298},Waka Kotahi NZ Transport Agency,rural,1,14,-42.12860,171.88405
{9d93c764-8e7b-4cc0-a6b5-50812197fcac},Waka Kotahi NZ Transport Agency,,1,14,-36.99414,174.88871
{d6ce0ed6-ea72-4a29-9859-46200218f611},Waka Kotahi NZ Transport Agency,rural,1,14,-37.68370,176.22205
{ccc52bb5-4606-46a1-9371-cf5e6286567f},Waka Kotahi NZ Transport Agency,,1,14,-36.62801,174.66269
{6c6fe8db-cf2c-4f27-982c-70f5c9dd8b33},Waka Kotahi NZ Transport Agency,,1,14,-36.95352,174.79509
{1b214ec1-012f-41ad-9776-9684daf35813},Waka Kotahi NZ Transport Agency,,1,14,-36.85385,174.77231
{e95e0172-f9d3-4009-8086-660d9f76f643},Waka Kotahi NZ Transport Agency,,1,14,-37.01291,174.90549
{0b93cccc-2b66-4587-895b-97c56e3815d9},Waka Kotahi NZ Transport Agency,,1,14,-37.07311,174.92864
{1a95353d-05d5-4cf7-b102-b565a0871009},Waka Kotahi NZ Transport Agency,,1,14,-36.87212,174.70609
{7e1b8c78-2873-4c40-904d-895564af7ac7},Waka Kotahi NZ Transport Agency,,1,14,-36.75919,174.70192
{173f3f83-893e-4032-be90-3a84bf31150e},Waka Kotahi NZ Transport Agency,,1,14,-36.86251,174.75404
{2d8b505c-f008-4691-b809-1af236b4ca73},Waka Kotahi NZ Transport Agency,rural,1,14,-36.95367,174.79577
{0c6d31d6-38f8-40b8-951d-19b1bf70b5a2},Waka Kotahi NZ Transport Agency,,1,14,-36.99579,174.84733
{a89630e9-0a3f-4e8b-b620-4f14d1adb31d},Waka Kotahi NZ Transport Agency,rural,1,14,-37.73494,176.10762
{260ba85e-bbdd-461f-980c-17dc2a2681fb},Waka Kotahi NZ Transport Agency,,1,14,-36.99836,174.85528
{8423dc40-36a3-4ead-8f93-8a7427b1cde9},Waka Kotahi NZ Transport Agency,,1,14,-36.94045,174.85401
{3b3e9e9a-dbef-4274-a7a7-0600be7087bb},Waka Kotahi NZ Transport Agency,,1,14,-36.85680,174.64986
{0c99b750-7278-4d00-ab81-e668be7632e5},Waka Kotahi NZ Transport Agency,rural,1,14,-36.86147,174.75385
{d3d67c2a-195b-4222-8237-6a64614e660f},Waka Kotahi NZ Transport Agency,,1,14,-36.93549,174.85240
{a13da19c-4869-4b94-80c4-5b0dea336191},Waka Kotahi NZ Transport Agency,rural,1,14,-38.10856,176.22243
{ef48d2d9-b294-4603-8dca-654cf25dba54},Waka Kotahi NZ Transport Agency,,1,14,-37.03132,174.90992
{92c6ccb6-7146-4722-ab84-322b46fff4ec},Waka Kotahi NZ Transport Agency,,1,14,-37.67616,176.16630
{9df26327-ea6d-4cb3-84e9-19cd4c3b0ae3},Waka Kotahi NZ Transport Agency,,1,14,-36.90211,174.72044
{1e17d013-423c-4b80-a054-26a17c6ab93b},Waka Kotahi NZ Transport Agency,,1,13,-36.90208,174.72091
{23b771df-176b-46d1-9d39-b05281b5a0d1},Waka Kotahi NZ Transport Agency,,1,13,-36.79803,174.64208
{721dc7b8-bb3b-42ed-946d-856a1edf4565},Waka Kotahi NZ Transport Agency,,1,13,-41.29968,173.24023
{b80daef4-d923-43f9-a29d-ab8b4cb7abdd},Waka Kotahi NZ Transport Agency,rural,1,13,-41.46056,173.96214
{28810999-2fe8-4979-bbbb-6a4bcec747f6},Waka Kotahi NZ Transport Agency,,1,13,-36.80826,174.62186
{894e36a6-331c-4089-bf0d-b6e64aae31d3},Waka Kotahi NZ Transport Agency,rural,1,13,-36.85748,174.76821
{310c2bf9-fef8-4505-9ac7-4626b425d5f4},Waka Kotahi NZ Transport Agency,,1,13,-36.71473,174.71027
{f9f99075-b980-4900-a5b8-3dfd7e92fbd9},Waka Kotahi NZ Transport Agency,,1,13,-37.11016,174.94669
{f07f1775-f335-4b54-910d-65a8495b81f9},Waka Kotahi NZ Transport Agency,,1,13,-36.76970,174.74144
{3d1f1cd4-e497-422a-bbfe-54501b613eb5},Waka Kotahi NZ Transport Agency,,1,13,-36.78953,174.65735
{7f7c8f32-a543-4e9a-8ab6-cf297f129c31},Waka Kotahi NZ Transport Agency,,1,13,-36.90535,174.72624
{92db126f-b675-4168-a4ed-d33e3a3e2d9b},Waka Kotahi NZ Transport Agency,urban,1,13,-36.75101,174.72079
{a4fc59d8-ec88-40b2-97b6-4dec95b31c5d},Waka Kotahi NZ Transport Agency,,1,13,-36.75250,174.71818
{8bb714cb-e1a8-4ddd-804e-1912292292bc},Waka Kotahi NZ Transport Agency,,1,13,-36.99646,174.89024
{bdf87bc2-dbac-4252-9f9a-31b0e359fc04},Waka Kotahi NZ Transport Agency,,1,13,-36.82069,174.61506
{efcd946e-e424-486e-a962-87ab3f25bdfa},Waka Kotahi NZ Transport Agency,,1,13,-37.22997,175.01560
{e91370e3-1e21-49cd-beb9-8d06e6e739d7},Waka Kotahi NZ Transport Agency,,1,13,-36.86295,174.76414
{2c588834-5c34-4cd5-b236-3b99903b760e},Waka Kotahi NZ Transport Agency,rural,1,13,-37.72468,176.16983
{e118a1ce-9b3f-424e-b729-354a957e6fff},Waka Kotahi NZ Transport Agency,,1,13,-36.81421,174.61362
{4214d857-ad7d-4e32-9996-7772207c7026},Waka Kotahi NZ Transport Agency,,1,13,-36.81089,174.75453
{89bd9f9b-5c36-48ce-bfd1-35132936c2a1},Waka Kotahi NZ Transport Agency,,1,13,-36.86501,174.75058
{17a4fe4d-16b0-4dbb-a49a-c931d6259c5c},Waka Kotahi NZ Transport Agency,,1,13,-36.87236,174.70045
{fa2c6a69-cde8-4fcf-8b68-7ed593934d9b},Waka Kotahi NZ Transport Agency,,1,13,-36.78939,174.65714
{e68821aa-f6c1-4bca-94db-73b92a77601e},Waka Kotahi NZ Transport Agency,rural,1,13,-38.66961,178.01802
{1228d1b5-4d54-4bbe-8a19-6e673a8c9e3e},Waka Kotahi NZ Transport Agency,,1,13,-36.58537,174.66502
{c0d9e65f-b1f4-4a21-babc-faf3a43d7125},Waka Kotahi NZ Transport Agency,,1,13,-36.99681,174.87042
{7c043d89-6f38-4a14-8e6d-ca4161c35900},Waka Kotahi NZ Transport Agency,,1,13,-36.80259,174.63256
{776dc975-ee9c-4f5d-836b-3f1e0cf40640},Waka Kotahi NZ Transport Agency,rural,1,13,-38.15361,176.24046
{48dd0344-8d90-4e18-b2a6-800973f90b84},Waka Kotahi NZ Transport Agency,rural,1,13,-38.66968,178.01814
{70bb135d-e09f-423a-8e05-e378eb623502},Waka Kotahi NZ Transport Agency,,1,13,-36.88797,174.79500
{f9e43de9-08f7-4fb4-b53a-31f6858281c5},Waka Kotahi NZ Transport Agency,,1,13,-37.67554,176.16599
{76067355-cdc6-45fe-8476-11fbee847a43},Waka Kotahi NZ Transport Agency,rural,1,13,-36.71812,174.71337
{b3818ea7-35ec-45c0-b0ee-a4e2745deef6},Upper Hutt City Council,rural,1,13,-41.12255,175.03573
{29494202-04d1-4cd7-b841-dd15a472db55},Waka Kotahi NZ Transport Agency,,1,13,-37.66481,176.20828
{6df34af9-4645-49ee-b178-a4f9c2332f98},Waka Kotahi NZ Transport Agency,,1,13,-36.77372,174.74395
{694f2edb-da00-4c62-b9ec-7193bd7591ea},Waka Kotahi NZ Transport Agency,,1,13,-36.99579,174.88587
{362af030-f8a2-4b36-ba20-ca605e7a1012},Waka Kotahi NZ Transport Agency,rural,1,13,-36.86537,174.76714
{bfc70955-1261-4864-9729-f796e0a0ac67},Waka Kotahi NZ Transport Agency,rural,1,13,-41.12121,174.85444
{867d1abb-7e05-4dbc-ba2b-ecf1f55d9eec},Waka Kotahi NZ Transport Agency,,1,13,-36.81327,174.75418
{83a4c75a-7f2f-46ca-bfcd-e236e7d9236a},Waka Kotahi NZ Transport Agency,,1,13,-36.96735,174.79491
{937648e0-786e-455e-b38b-98ac7a9d127f},Waka Kotahi NZ Transport Agency,,1,13,-37.67567,176.16622
{60d05ca6-23a2-485d-8988-2ccabecb4e63},Waka Kotahi NZ Transport Agency,,1,13,-36.96634,174.79683
{2cb1d467-d877-416d-95a5-c9ec10c79a87},Waka Kotahi NZ Transport Agency,rural,1,13,-38.11064,176.22356
{9a6ed588-f439-4656-a678-1718ce69526a},Waka Kotahi NZ Transport Agency,,1,13,-37.80200,175.30553
{05ea4440-4467-42fd-a9a5-ddba10fc2865},Waka Kotahi NZ Transport Agency,,1,13,-36.96304,174.86639
{2a84a131-95f7-4790-8b4a-f4c4b3c2276f},Waka Kotahi NZ Transport Agency,,1,13,-36.92971,174.78470
{7cadef56-fe52-4357-b592-c9b89819f52a},Waka Kotahi NZ Transport Agency,rural,1,13,-38.14678,176.27924
{6fc2faec-64fa-4bce-9c71-a8d182522c49},Waka Kotahi NZ Transport Agency,rural,1,13,-37.73539,176.10832
{441b50a1-fcf9-4901-a9ea-890c310a96be},Waka Kotahi NZ Transport Agency,urban,1,13,-36.72239,174.71331
{4c900908-f752-45c4-a4a9-d2b38e6689c9},Waka Kotahi NZ Transport Agency,,1,13,-37.19591,174.98517
{cd1059f2-4c3d-42f9-b86f-fc626541f148},Waka Kotahi NZ Transport Agency,,1,13,-36.97066,174.79123
{091b4fa6-7a41-4935-a7af-b48e749e75e6},Waka Kotahi NZ Transport Agency,,1,13,-36.76862,174.68770
{785117be-5279-41ce-95fa-2ad42617c0b5},Waka Kotahi NZ Transport Agency,,1,13,-36.82283,174.61635
{97cc31ad-759c-4714-82da-7de3148042f8},Waka Kotahi NZ Transport Agency,,1,13,-36.86381,174.76570
{fbd6c892-42c1-42cd-9882-2ed7fe70ecb2},Waka Kotahi NZ Transport Agency,,1,13,-37.06833,174.92707
{76bc4272-ab74-401e-9793-b08981dcff9a},Waka Kotahi NZ Transport Agency,,1,13,-37.58609,175.19440
{3be8121e-78b9-46cf-8a01-aedb2beaa64b},Waka Kotahi NZ Transport Agency,,1,13,-36.86880,174.72327
{a4af0145-f30a-47d4-a3cb-9b49014e2c7f},Waka Kotahi NZ Transport Agency,,1,13,-36.84654,174.62924
{b9530470-c435-44ff-8c64-9f5d1d228ac5},Waka Kotahi NZ Transport Agency,,1,13,-36.99660,174.87598
{75273625-43e6-4efa-9e5f-70ceb75ee908},Waka Kotahi NZ Transport Agency,,1,13,-41.33154,173.20293
{d75d6ec4-582c-4d49-b8f3-d7c24b28a47c},Waka Kotahi NZ Transport Agency,,1,13,-36.88884,174.79668
{4da89370-890e-4750-bc37-6a8eafde41a3},Waka Kotahi NZ Transport Agency,,1,12,-39.49677,176.87420
{b1ea0007-a51a-4b3b-94df-b33c9006382d},Waka Kotahi NZ Transport Agency,,1,12,-39.62020,176.81674
{d3f51e42-ecc1-4b3d-b359-f0fd4f261829},Waka Kotahi NZ Transport Agency,,1,12,-36.72114,174.71391
{049a1785-1b4d-4520-9525-ca0751d87fb5},Waka Kotahi NZ Transport Agency,,1,12,-36.85445,174.77075
{642dadff-d1ff-45ab-a30e-703896b29813},Waka Kotahi NZ Transport Agency,,1,12,-36.88854,174.79710
{e7d4eaf2-955a-4082-8276-cf7f7ab1fc8e},Waka Kotahi NZ Transport Agency,,1,12,-37.08542,174.93672
{c31bf263-d141-457c-a063-129a3f5db636},Waka Kotahi NZ Transport Agency,,1,12,-37.68666,176.16227
{4151565b-4bc3-426c-b3d0-a286142669ea},Waka Kotahi NZ Transport Agency,,1,12,-36.88330,174.78774
{32a27192-2262-46be-9846-85af65783be9},Waka Kotahi NZ Transport Agency,rural,1,12,-36.95170,174.85981
{d1016916-ac6a-4fce-b12d-4a3c015ee46f},Waka Kotahi NZ Transport Agency,rural,1,12,-36.86746,174.72911
{c8cca1d2-d5e4-4372-b9ca-50a3385357be},Waka Kotahi NZ Transport Agency,,1,12,-36.74906,174.72439
{56525c1a-61f5-4bad-9a91-4e0bd1bb1e0e},Waka Kotahi NZ Transport Agency,,1,12,-37.14556,174.97115
{f0255c24-1975-40e4-ac67-b59fad507907},Waka Kotahi NZ Transport Agency,,1,12,-36.60515,174.66139
{8c5e1494-f0f5-4eef-91e1-bca3614d6bef},Waka Kotahi NZ Transport Agency,,1,12,-36.84974,174.75364
{c8505ee1-c4b6-45f3-a3c5-759ec26107c7},Waka Kotahi NZ Transport Agency,rural,1,12,-37.73828,176.10789
{8688770f-bc46-4cfb-a7e9-4d5589c03519},Waka Kotahi NZ Transport Agency,,1,12,-36.99737,174.88999
{bd770fe9-1a6f-496e-8bf1-d261408b997d},Waka Kotahi NZ Transport Agency,,1,12,-36.58974,174.66361
{b9dc4931-a8cc-4129-a387-5f0a61e76e22},Waka Kotahi NZ Transport Agency,rural,1,12,-37.73686,176.15149
{aed213ce-a241-4f7a-aa3a-05c54b2cb9b0},Waka Kotahi NZ Transport Agency,,1,12,-36.92813,174.78085
{647198af-7cde-4783-b26d-32f3f467590c},Waka Kotahi NZ Transport Agency,,1,12,-36.82121,174.75014
{52ba8ac8-d4b6-4309-a5ee-9223306ec4fb},Waka Kotahi NZ Transport Agency,,1,12,-36.95373,174.85988
{c79e4c6c-3da1-4591-94d5-a66f6ed37d5e},Waka Kotahi NZ Transport Agency,,1,12,-36.74627,174.72235
{6f54ab49-7f55-4c57-9dd7-9e6cf0b58076},Waka Kotahi NZ Transport Agency,rural,1,12,-36.53140,174.67812
{f545a0f4-dec4-42ba-8337-9a0e855007ff},Waka Kotahi NZ Transport Agency,,1,12,-36.86738,174.76844
{7d951d1e-cd7c-46ed-a3a8-eb432141d96c},Waka Kotahi NZ Transport Agency,rural,1,12,-36.96431,174.86710
{88e4c285-d711-43ff-9428-6488823c280a},Waka Kotahi NZ Transport Agency,,1,12,-36.97658,174.78754
{d150ca86-026a-4a4b-871a-fe74f264336f},Waka Kotahi NZ Transport Agency,rural,1,12,-36.98550,174.88503
{3f54b80a-2617-49bd-9660-746ae555edce},Waka Kotahi NZ Transport Agency,,1,12,-36.88783,174.79528
{ae3bbe06-80c7-4bb3-970a-2419adbf3522},Waka Kotahi NZ Transport Agency,,1,12,-37.22857,175.01355
{e5ce461f-e3de-4b46-8d18-4165fd605c67},Waka Kotahi NZ Transport Agency,urban,1,12,-36.72216,174.71329
{56f71087-356a-48b1-b310-4a05ac9c0b2e},Waka Kotahi NZ Transport Agency,,1,12,-37.21817,175.00069
{4c746382-f9ab-4908-9841-b1aa87dcaa7f},Waka Kotahi NZ Transport Agency,,1,12,-37.80231,175.30506
{a962e486-193d-4385-bf34-518464996e3a},Waka Kotahi NZ Transport Agency,rural,1,12,-39.03300,177.41841
{835fb66b-0f4c-4f25-9f57-bb640b8cf534},Waka Kotahi NZ Transport Agency,,1,12,-36.76094,174.70079
{f7986e5c-e2f6-4b2e-83ee-0f8fd4394f93},Waka Kotahi NZ Transport Agency,rural,1,12,-40.97080,174.98164
{bd93b11b-5895-4c27-b24f-34faf3f4ffeb},Waka Kotahi NZ Transport Agency,rural,1,12,-37.72641,176.16842
{bf372040-6988-4e3f-97fd-b48545da5c7b},Waka Kotahi NZ Transport Agency,,1,12,-37.76930,175.23932
{77fae0d6-beb3-4cd2-9c86-c42f1b77064d},Waka Kotahi NZ Transport Agency,,1,12,-37.14153,174.96868
{9efe4148-b8f9-4f27-8724-a6026bac5c8f},Waka Kotahi NZ Transport Agency,rural,1,12,-36.84504,174.75290
{a79abe85-0585-408f-bc83-cc948b0658d9},Waka Kotahi NZ Transport Agency,,1,12,-36.75262,174.71541
{8e6a540b-84fe-4768-95e2-38954fd031dc},Waka Kotahi NZ Transport Agency,,1,12,-37.67413,176.16948
{142e7f14-84b6-44fd-b62c-4da9165f335b},Waka Kotahi NZ Transport Agency,,1,12,-43.54799,172.60494
{d8bff72e-335f-43b6-88e4-8bbb4f8f57b2},Waka Kotahi NZ Transport Agency,,1,12,-36.72167,174.71363
{0e89b6c0-18f1-4234-9b51-881ab4869725},Waka Kotahi NZ Transport Agency,,1,12,-46.41804,168.34751
{5481c447-7465-4341-a920-74d45b06e0fa},Waka Kotahi NZ Transport Agency,,1,12,-37.67609,176.16641
{e33a989a-9017-4324-a104-00ee9da3f1b5},Waka Kotahi NZ Transport Agency,,1,12,-36.85593,174.75698
{87412bce-cdfd-449a-8edf-2ec43aed6e3d},Waka Kotahi NZ Transport Agency,,1,12,-36.75539,174.70616
{80cf634f-7d3a-4f2c-91ff-de24c578ce65},Waka Kotahi NZ Transport Agency,,1,12,-36.99630,174.87446
{59395dbf-f235-49df-a849-3684287191b0},Waka Kotahi NZ Transport Agency,,1,12,-37.21366,174.99896
{cd953cbc-3c14-4e43-920c-41df05990dc6},Waka Kotahi NZ Transport Agency,,1,12,-36.92233,174.76948
{2d9c9af9-f264-4ef6-bb45-9a17d5967911},Waka Kotahi NZ Transport Agency,,1,12,-37.80744,175.28619
{16461065-2b7a-4c4f-8083-2e9ac969b47a},Waka Kotahi NZ Transport Agency,,1,12,-36.75571,174.70529
{5a65e920-3c25-4ec3-acd7-72c7d69fe72f},Waka Kotahi NZ Transport Agency,,1,12,-36.62285,174.66305
{edbab92b-2ed1-479e-b13e-c87a6058aa7c},Waka Kotahi NZ Transport Agency,,1,12,-37.80214,175.30499
{841b3d38-9876-4345-b652-aa1385fc6209},Waka Kotahi NZ Transport Agency,rural,1,12,-41.48559,173.81666
{374c5c8b-931c-411b-8606-c1dbc75dd4dc},Waka Kotahi NZ Transport Agency,urban,1,12,-37.07349,174.93027
{69afec56-9a45-4000-b53e-ae37ecbcd517},Waka Kotahi NZ Transport Agency,rural,1,12,-37.75399,176.10304
{0e012744-cf22-422d-8225-eefa2990f21a},Waka Kotahi NZ Transport Agency,rural,1,12,-36.85409,174.75831
{ce139c55-8a1d-4f3e-9dd6-f6314ef283b5},Waka Kotahi NZ Transport Agency,,1,12,-36.96663,174.80456
{0e057666-d2bf-405a-a907-cd7bb760182c},Waka Kotahi NZ Transport Agency,,1,12,-36.79908,174.63950
{dfb67839-c6b0-47b4-b24a-2e0292e16002},Waka Kotahi NZ Transport Agency,,1,12,-36.90391,174.81115
{921efd7c-1ecb-4ee3-8b2f-83b365bfba76},Waka Kotahi NZ Transport Agency,rural,1,12,-37.69559,176.11147
{40f46fdb-6d24-4f9f-b86c-6c72ff4c8b1c},Waka Kotahi NZ Transport Agency,,1,12,-36.99055,174.88689
{664ae6d5-fca7-46a9-99f8-c4745f0f86bc},Waka Kotahi NZ Transport Agency,,1,12,-37.68625,176.16225
{f5049d54-478a-4822-aa60-90c9d2dc44e8},Waka Kotahi NZ Transport Agency,,1,12,-37.23131,175.01780
{7d4acf59-b001-4e62-b86e-f134a71132d0},Waka Kotahi NZ Transport Agency,,1,12,-36.85778,174.76730
{31772850-ddc1-4140-9dc4-1d3f91265e09},Waka Kotahi NZ Transport Agency,,1,12,-38.70468,176.11217
{aeb57b70-c76e-4210-8f50-225896db015f},Waka Kotahi NZ Transport Agency,,1,12,-36.96503,174.86941
{3722f9e9-ddef-494f-a700-03c659f2dae7},Waka Kotahi NZ Transport Agency,rural,1,12,-41.10589,174.86875
{513f1e81-ec5c-4ff6-a1ca-59c1eab1261c},Waka Kotahi NZ Transport Agency,,1,12,-36.97191,174.81477
{7d6e7221-5f66-4e1d-93be-4da3a3d1f9bf},Waka Kotahi NZ Transport Agency,rural,1,12,-37.80095,176.39890
{e11876fe-8782-47ea-a0c7-933a5fd564cb},Waka Kotahi NZ Transport Agency,,1,12,-36.93761,174.78968
{5c292b90-6f98-4d7f-a974-6439fadb2e98},Waka Kotahi NZ Transport Agency,,1,12,-37.66487,176.20817
{9d3ad9ed-f67e-4fbc-951e-7bcd28e1b8e6},Waka Kotahi NZ Transport Agency,,1,12,-36.99092,174.84046
{6b0e7dd1-0a3a-4e4c-8cff-f02d319b6ad9},Waka Kotahi NZ Transport Agency,,1,12,-37.81143,175.28223
{d3765fae-3c13-4b86-9f53-4fa8422aa344},Waka Kotahi NZ Transport Agency,rural,1,12,-37.72474,176.16986
{54685675-89e6-4ac3-928f-6bd18dc945ad},Waka Kotahi NZ Transport Agency,,1,12,-36.97476,174.81899
{a3c528a3-d31c-44dd-a52b-187b91dcfbda},Waka Kotahi NZ Transport Agency,,1,12,-37.01198,174.90467
{e77d86f8-c004-4573-a8b7-46f5c4ca8c74},Waka Kotahi NZ Transport Agency,rural,1,12,-37.73553,176.10791
{ac0be100-de4f-4228-bad0-e25c0ecfb1f0},Waka Kotahi NZ Transport Agency,,1,12,-36.86078,174.76310
{1d77734d-7004-4655-a8a5-9cde0c8e9b90},Waka Kotahi NZ Transport Agency,,1,12,-36.96265,174.86588
{6e211a33-9134-4ec1-8f8a-539c4bcc605c},Waka Kotahi NZ Transport Agency,,1,12,-36.87142,174.70821
{ee338e08-f62b-4a2a-be74-593cf61885eb},Waka Kotahi NZ Transport Agency,,1,12,-36.78257,174.67579
{e3282b06-84db-48c9-ba6d-ee3a730ec3cd},Waka Kotahi NZ Transport Agency,,1,12,-36.94982,174.79378
{48b90ab3-8a84-4751-9296-15ceede0d0f0},Waka Kotahi NZ Transport Agency,rural,1,12,-38.11625,176.22660
{29154926-854a-44d2-8728-58add0188184},Waka Kotahi NZ Transport Agency,,1,12,-36.80137,174.63546
{8623350d-5f77-47c9-b146-c395951e37fb},Waka Kotahi NZ Transport Agency,,1,12,-36.58970,174.66391
{ae075743-66a9-45cd-9103-e6ec075d31eb},Waka Kotahi NZ Transport Agency,,1,12,-37.86932,175.45829
{e3626f5b-8412-48e7-9cf8-529e8d763f2e},Waka Kotahi NZ Transport Agency,,1,12,-36.84370,174.74995
{73322e29-4b5b-4145-be5e-5aa96bde743f},Waka Kotahi NZ Transport Agency,,1,12,-36.90210,174.81023
{2f3549a5-f41b-4dfc-baff-3579f6aea968},Waka Kotahi NZ Transport Agency,,1,12,-36.99323,174.84393
{6e1ffd09-04cd-465a-a992-94b92f0bc839},Waka Kotahi NZ Transport Agency,rural,1,12,-36.87029,174.67265
{bc236aaf-daff-4edf-b1e7-5e93f6f902fd},Waka Kotahi NZ Transport Agency,,1,12,-36.90155,174.81023
{dca36f7a-0a25-49da-a482-ead16a211cbf},Waka Kotahi NZ Transport Agency,,1,12,-41.21621,174.88259
{775099cb-e65f-406c-bf05-49144cb7d49a},Waka Kotahi NZ Transport Agency,,1,12,-37.19057,174.98180
{c14bb511-e72b-4a1a-838d-cfd7524bccef},Waka Kotahi NZ Transport Agency,rural,1,12,-36.85411,174.75834
{ab752344-89a7-4a85-88fd-b31cf7c494a6},Waka Kotahi NZ Transport Agency,,1,12,-36.93684,174.85260
{0ee39415-44ca-4c34-8041-1934d2c2c361},Waka Kotahi NZ Transport Agency,rural,1,12,-37.10829,174.94472
{26501448-4166-43fe-a310-f44bc64b4995},Waka Kotahi NZ Transport Agency,,1,11,-36.86450,174.66524
{42086478-9398-4681-81a8-d3b802c0d1cd},Waka Kotahi NZ Transport Agency,rural,1,11,-37.80107,176.39950
{2846932b-90be-4b6c-979b-a25b859228ff},Waka Kotahi NZ Transport Agency,,1,11,-40.86888,175.03539
{6a54b858-d276-46f7-830e-0907b5790a90},Waka Kotahi NZ Transport Agency,,1,11,-36.73353,174.71654
{c94c8c7c-5272-45e4-9aa0-8ed960917b57},Waka Kotahi NZ Transport Agency,,1,11,-36.66152,174.66957
{19b21b76-0644-4e04-a77b-42ff5671bb3f},Waka Kotahi NZ Transport Agency,,1,11,-36.79017,174.75421
{f8b0a936-a692-425d-b0d4-de65c9fe2057},Waka Kotahi NZ Transport Agency,rural,1,11,-37.73503,176.10837
{032cca9a-8308-4656-89a8-5a028ef50049},Waka Kotahi NZ Transport Agency,,1,11,-36.87112,174.77258
{7209bac9-3c2f-4bd0-af0c-a1c8f6f0d6e1},Waka Kotahi NZ Transport Agency,rural,1,11,-41.30175,173.25108
{e58fc90c-8275-4b44-8eba-ccc2c6441105},Waka Kotahi NZ Transport Agency,,1,11,-36.80148,174.76152
{7b90a4a4-9704-42f9-83bc-df19adc7dbde},Waka Kotahi NZ Transport Agency,,1,11,-36.99355,174.84303
{4f369f45-a373-46b7-b6a2-d1dc0fbe338b},Waka Kotahi NZ Transport Agency,rural,1,11,-41.30183,173.25096
{b846be61-bd7f-441b-a06b-7dd255cdb86b},Waka Kotahi NZ Transport Agency,,1,11,-37.80214,175.30559
{565cfea9-60d9-4d69-9ca0-2c0825d3ba63},Waka Kotahi NZ Transport Agency,,1,11,-37.66485,176.20800
{ed07dea7-703d-4160-910a-698dfb7820da},Waka Kotahi NZ Transport Agency,,1,11,-36.78626,174.75142
{dd1aee50-00ee-42fd-9434-69e06eb0707b},Waka Kotahi NZ Transport Agency,,1,11,-36.76914,174.74152
{6558c983-39f6-4565-8817-89d0df47e045},Waka Kotahi NZ Transport Agency,,1,11,-37.35297,175.08099
{2f42ed1f-4ee8-45c2-803e-4efc064efb16},Waka Kotahi NZ Transport Agency,rural,1,11,-36.99627,174.88555
{29902bce-1965-4aab-b224-9c5a3f33f073},Waka Kotahi NZ Transport Agency,,1,11,-36.98381,174.88347
{48c717f3-124d-4991-a8df-37441b1ccbfc},Waka Kotahi NZ Transport Agency,,1,11,-36.86033,174.75996
{d957aaaf-87f9-4a19-9c69-73e91f170ea9},Waka Kotahi NZ Transport Agency,,1,11,-36.83618,174.74225
{c62c0d9c-282c-47aa-b0c7-91c9aa1307a2},Waka Kotahi NZ Transport Agency,,1,11,-37.14115,174.96810
{6c295fc3-cf08-4379-b0be-e37626b46d02},Waka Kotahi NZ Transport Agency,,1,11,-40.35432,175.61549
{0faa63dd-4bee-42a6-ac8b-db8c1a653086},Waka Kotahi NZ Transport Agency,,1,11,-37.76905,175.23944
{f052d5b2-26d6-4487-8164-fdc14514f03c},Waka Kotahi NZ Transport Agency,,1,11,-36.81661,174.61294
{0abb6464-7689-4f46-b517-1e48c4d7b78f},Waka Kotahi NZ Transport Agency,rural,1,11,-36.88084,174.78583
{f31359e4-d0bf-421b-b5c7-bd7ae3a193fc},Waka Kotahi NZ Transport Agency,rural,1,11,-37.69570,176.07303
{f882da8d-c52a-431a-93e7-40a2a76de256},Waka Kotahi NZ Transport Agency,rural,1,11,-36.87025,174.67261
{d9c3faeb-eed6-47bf-990c-39dcf459a9e8},Waka Kotahi NZ Transport Agency,rural,1,11,-37.75353,176.10288
{b44692a0-1a57-4b82-b1b8-ed6b55c32a76},Waka Kotahi NZ Transport Agency,,1,11,-36.91626,174.75501
{8d195319-fb8c-404d-9a39-9c86ab3dffff},Waka Kotahi NZ Transport Agency,,1,11,-36.91861,174.76187
{88f85ea3-1eb3-440b-9af1-a299ff852ee5},Waka Kotahi NZ Transport Agency,rural,1,11,-39.94140,175.04207
{802a3dae-b03a-4900-b025-74eb987c1c6d},Waka Kotahi NZ Transport Agency,,1,11,-37.20580,174.99371
{645bef4f-4cea-4e0e-9009-c91fda0ddf56},Waka Kotahi NZ Transport Agency,,1,11,-36.79904,174.76105
{3f1c0b21-cfa4-404a-b251-738411c0535d},Waka Kotahi NZ Transport Agency,,1,11,-41.16392,174.83453
{674d45db-cc5f-414b-aa6d-4f5a2f3fef99},Waka Kotahi NZ Transport Agency,,1,11,-37.19043,174.98204
{e28d7be2-f101-45ac-8faf-8c3edf29d147},Waka Kotahi NZ Transport Agency,,1,11,-38.15015,176.26601
{52828cc2-a3a6-44b1-8619-ed696fa8428f},Waka Kotahi NZ Transport Agency,,1,11,-37.66548,176.20687
{1fdf8008-b239-4e97-9b6e-5ea72f53802e},Waka Kotahi NZ Transport Agency,rural,1,11,-37.69545,176.11146
{1b037c03-06ac-4c0c-8f68-4ed0f4b56d76},Waka Kotahi NZ Transport Agency,,1,11,-36.89027,174.79892
{bb721145-1994-46a3-8952-899b4c57ac0f},Waka Kotahi NZ Transport Agency,,1,11,-36.90363,174.81226
{8e9bb496-eb1a-45b7-8ee4-c6284522da36},Waka Kotahi NZ Transport Agency,rural,1,11,-40.76039,175.15762
{b5a7b47d-aaca-4f70-8930-7f4dd08b7c5e},Waka Kotahi NZ Transport Agency,rural,1,11,-37.94179,175.66787
{76ca3e5e-459d-41c5-945e-37720ef2a5ff},Waka Kotahi NZ Transport Agency,,1,11,-36.88921,174.79714
{f9a7b950-6b5a-47e3-8a63-4b1f77bcd558},Waka Kotahi NZ Transport Agency,,1,11,-37.06899,174.92704
{3bdcf8da-d78c-4235-a24d-cf24e8b14b76},Waka Kotahi NZ Transport Agency,,1,11,-36.87645,174.78146
{040da3d0-f7b2-4ba1-9b9a-b9787fd89f30},Waka Kotahi NZ Transport Agency,,1,11,-37.10456,174.94584
{de09919d-a2f8-44e9-a2e5-0e59eb0a56c9},Waka Kotahi NZ Transport Agency,,1,11,-36.80793,174.62202
{ef71e953-e677-4368-9f1e-3ecd75201c12},Waka Kotahi NZ Transport Agency,,1,11,-36.85118,174.75399
{5e134dae-dc10-46d5-8869-5c429c242d95},Waka Kotahi NZ Transport Agency,,1,11,-36.90426,174.81147
{1b19e56f-53d2-4739-abcc-57e83c4254a7},Waka Kotahi NZ Transport Agency,,1,11,-36.96520,174.79852
{c05fcf7d-3a03-4c42-93d1-03f04572860a},Waka Kotahi NZ Transport Agency,rural,1,11,-36.98580,174.88421
{b3ee1557-8114-4391-bfd8-0a0c04c0441c},Waka Kotahi NZ Transport Agency,,1,11,-36.99600,174.88560
{dd8b8291-4335-48c7-9df1-3be2e416aef0},Waka Kotahi NZ Transport Agency,,1,11,-37.68627,176.16243
{fbd3749e-ae79-457d-ae4f-6527982170a3},Waka Kotahi NZ Transport Agency,,1,11,-39.49607,176.87381
{07ce72ec-8243-4044-a1a0-61f94c994f51},Waka Kotahi NZ Transport Agency,,1,11,-41.10811,174.91669
{d4fb8b05-93c1-4fa3-96a1-76c71e857900},Waka Kotahi NZ Transport Agency,rural,1,11,-36.79963,174.63695
{d8138450-bcde-474c-9a2e-9bd0df821c9d},Waka Kotahi NZ Transport Agency,,1,11,-39.47503,176.87727
{18c96e40-99fe-41f8-a00b-82c61d320bb8},Waka Kotahi NZ Transport Agency,rural,1,11,-36.94041,174.79021
{56f173c5-9962-4ca3-8656-e32f4d1c4df0},Waka Kotahi NZ Transport Agency,rural,1,11,-36.95269,174.79188
{abfa73bd-57d0-4324-9538-dddafef8bd69},Waka Kotahi NZ Transport Agency,,1,11,-37.04185,174.91091
{bbf29555-b49d-49ca-944e-c7d596667080},Waka Kotahi NZ Transport Agency,rural,1,11,-39.94146,175.04205
{f2ccf9ac-437b-47ed-9386-2f125d045038},Waka Kotahi NZ Transport Agency,,1,11,-37.80122,175.32274
{f968e593-3e26-4036-82a2-51f1d8409901},Waka Kotahi NZ Transport Agency,,1,11,-36.83675,174.74177
{fa5f7ba4-1e5f-4626-bb87-e5b1aeae4d43},Waka Kotahi NZ Transport Agency,rural,1,11,-36.62521,174.66174
{aac5e10e-7309-4ffa-a0e1-b2af4b972d87},Waka Kotahi NZ Transport Agency,,1,11,-41.21593,174.88239
{ef1e8a44-5104-4823-a2aa-77f480fa6803},Waka Kotahi NZ Transport Agency,,1,11,-37.82635,175.29739
{0cd3efee-48a6-41f9-8aee-6f8158eab75b},Waka Kotahi NZ Transport Agency,rural,1,11,-36.79168,174.65535
{d2b2546f-cc6a-4173-8066-2d15e719ede8},Waka Kotahi NZ Transport Agency,,1,11,-36.95014,174.85768
{3ed48e4b-f966-47c4-8657-e15f78460bf6},Waka Kotahi NZ Transport Agency,,1,11,-36.90419,174.81128
{b463b4e0-efbe-440a-994d-e3e9ecd55bfe},Waka Kotahi NZ Transport Agency,,1,11,-36.38840,174.64292
{64052777-9868-43d6-9f53-32537b56f750},Waka Kotahi NZ Transport Agency,,1,11,-35.89108,174.43300
{b8e4d755-3676-41b6-a7a5-588ab3f3eec8},Waka Kotahi NZ Transport Agency,,1,11,-37.68659,176.16212
{a477f82d-9ed0-447b-8c83-14381dcbefc1},Waka Kotahi NZ Transport Agency,rural,1,11,-37.71489,176.28489
{02d805fa-93f8-4f18-aed7-ce25f3682a72},Waka Kotahi NZ Transport Agency,,1,11,-36.99688,174.87193
{dd07bf5e-f774-4abc-bb05-32fdb8842474},Waka Kotahi NZ Transport Agency,,1,11,-37.80110,175.32245
{7ec3901b-faf8-4895-bfff-74d6eb1081ea},Waka Kotahi NZ Transport Agency,,2,11,-36.39090,174.64912
{3d069c59-f3da-451d-a9fd-bcdbf1e0fed1},Waka Kotahi NZ Transport Agency,,1,11,-38.41805,175.81119
{28c60c32-ed59-4a38-9e77-ef336b14061f},Waka Kotahi NZ Transport Agency,rural,2,11,-36.71805,174.71327
{109241da-1a80-47e9-b084-488e9223085b},Waka Kotahi NZ Transport Agency,,1,11,-37.73185,175.21075
{80a043ba-2366-4b92-a2e4-d168ebbf409b},Waka Kotahi NZ Transport Agency,rural,1,11,-37.19029,175.57584
{081d73bd-9a5e-4f9f-b846-13e3ed429cab},Waka Kotahi NZ Transport Agency,,1,11,-36.85774,174.76817
{e51d04b1-e1e6-4055-9305-044b861158f0},Waka Kotahi NZ Transport Agency,rural,1,11,-37.71479,176.28532
{79343af0-a265-49a0-8ea8-5b3861ff97f0},Waka Kotahi NZ Transport Agency,,1,11,-37.67362,176.16971
{da6232d0-9915-416b-ab33-8d73a5555113},Waka Kotahi NZ Transport Agency,,1,11,-37.22593,175.00964
{c1d9e128-0cc7-43ad-9b7e-9286e05e57a6},Waka Kotahi NZ Transport Agency,rural,1,10,-36.86705,174.66634
{f8251e33-6475-4c47-a42a-dd4eff55bc8a},Waka Kotahi NZ Transport Agency,,1,10,-36.97688,174.78710
{dd7d3e95-f9f4-4dc6-a5d3-27e4af41c741},Waka Kotahi NZ Transport Agency,rural,1,10,-37.75399,176.10286
{d4bceceb-78a3-4e32-854d-78502db0b238},Waka Kotahi NZ Transport Agency,,1,10,-36.86061,174.75561
{b8876a4b-f421-4865-9bdc-07bc6830c90f},Waka Kotahi NZ Transport Agency,,1,10,-36.99640,174.84759
{60eb359a-dd17-4da6-8120-fe85752c9d44},Waka Kotahi NZ Transport Agency,,1,10,-36.90329,174.81221
{de5e4a5a-5069-498b-a65b-56ba2dc556ba},Waka Kotahi NZ Transport Agency,,1,10,-36.97410,174.81837
{5b1f7ab4-6df9-4afe-95aa-4e126f540750},Waka Kotahi NZ Transport Agency,,1,10,-41.33123,173.20301
{51cb2770-734a-483e-8820-e997a574d645},Waka Kotahi NZ Transport Agency,rural,1,10,-37.73833,176.10823
{ac2352ed-b51e-4b0a-8b5c-6b2d08d1cf5a},Waka Kotahi NZ Transport Agency,,1,10,-43.58459,172.70604
{2f32f18c-8764-42a2-9b41-d3f085b71a65},Waka Kotahi NZ Transport Agency,,1,10,-36.58482,174.66487
{cc1e4827-c33d-4d2b-b9ea-cda1853ed97d},Waka Kotahi NZ Transport Agency,,1,10,-46.41298,168.36144
{4f5c24aa-7e42-46f0-bcc5-524ceea33ff6},Waka Kotahi NZ Transport Agency,,1,10,-37.81292,175.34050
{dcaf8c20-6bb6-460e-a9e2-f8657307aedd},Waka Kotahi NZ Transport Agency,rural,1,10,-37.01388,174.90461
{4df8b2cb-f3ab-410b-bf08-878521e93a6b},Waka Kotahi NZ Transport Agency,,1,10,-36.86011,174.75926
{83e38122-65ef-4fb0-8ae9-2db2ed3fbb19},Waka Kotahi NZ Transport Agency,,1,10,-43.48974,172.66450
{86858473-9779-4b58-b0eb-abe2e33868a3},Waka Kotahi NZ Transport Agency,rural,1,10,-36.77207,174.74236
{128289e3-5f57-49b1-9b5f-ecc97750365d},Waka Kotahi NZ Transport Agency,,1,10,-36.85607,174.76884
{805042fa-274a-4ee6-a88c-1dddad16fcec},Waka Kotahi NZ Transport Agency,rural,1,10,-37.75356,176.10308
{2aa99493-6670-4b81-8bd1-926e6f2a3754},Waka Kotahi NZ Transport Agency,,1,10,-36.38876,174.64366
{75efbb46-7565-4ab7-a79b-28c118eb5146},Waka Kotahi NZ Transport Agency,,1,10,-43.54784,172.57762
{eed110c5-462d-4489-9932-e2cb3643e28d},Waka Kotahi NZ Transport Agency,rural,1,10,-37.69595,176.07260
{f75ff58a-2a3a-48d2-9d28-2ab098b4d725},Waka Kotahi NZ Transport Agency,,1,10,-37.75746,175.23105
{f4642a38-5505-41f7-94ad-f38ebc61ccb5},Waka Kotahi NZ Transport Agency,,1,10,-36.99161,174.84085
{3c45ac9f-efc1-491b-a115-1915c478270d},Waka Kotahi NZ Transport Agency,rural,1,10,-36.92678,174.78251
{7f7d4137-ff55-449d-b0ca-9ba865823613},Waka Kotahi NZ Transport Agency,rural,1,10,-37.73841,176.10766
{59a17575-6702-49ff-a4cb-1fe6197f1a48},Waka Kotahi NZ Transport Agency,,1,10,-37.22959,175.01799
{6d84481b-c114-4ade-a6b4-cc07d8e7818b},Waka Kotahi NZ Transport Agency,rural,1,10,-36.88194,174.78624
{02785442-bc5e-41f2-a8b4-908d9ad050c5},Waka Kotahi NZ Transport Agency,,1,10,-37.20751,174.99516
{66dfa9ce-d251-47c1-a570-f9bebbf13e6f},Waka Kotahi NZ Transport Agency,rural,1,10,-36.78200,174.67544
{11cb8992-25a6-473a-8220-05685022684d},Waka Kotahi NZ Transport Agency,,1,10,-37.22961,175.01543
{e97c002c-ebb0-4f2c-bb56-c7be66d6f4a4},Waka Kotahi NZ Transport Agency,,1,10,-36.90319,174.81199
{ded230fc-4695-44bd-bd99-0a8db91d0e32},Waka Kotahi NZ Transport Agency,,1,10,-36.85705,174.65122
{eccd60b0-86af-4598-85cf-98f9119422d3},Waka Kotahi NZ Transport Agency,,1,10,-36.87227,174.70243
{0b7c27d1-2d43-4036-8059-15b7654c8159},Waka Kotahi NZ Transport Agency,rural,1,10,-37.73691,176.15167
{d76f4793-e6f4-494a-9497-7a6fd82db967},Waka Kotahi NZ Transport Agency,,1,10,-39.30724,176.71904
{3358129f-8bf7-41a0-b6c7-5f0bb9cc4c2e},Waka Kotahi NZ Transport Agency,,1,10,-41.12868,174.90393
{1f610e82-5450-49e5-8586-422069361482},Waka Kotahi NZ Transport Agency,urban,1,10,-37.68278,176.22563
{722e29ec-b9f6-4c9b-9c72-b48dcdadd354},Waka Kotahi NZ Transport Agency,,1,10,-36.65593,174.66499
{7f67c796-bc5f-4e89-a24e-6929293142e4},Waka Kotahi NZ Transport Agency,,1,10,-43.58489,172.70609
{9c0ee53b-e610-412c-82e7-8c27bbd3c3ec},Waka Kotahi NZ Transport Agency,,1,10,-40.86882,175.03548
{51715ebb-ed39-4519-bf83-e6f144343386},Waka Kotahi NZ Transport Agency,rural,1,10,-39.34112,174.28543
{6de007af-a90b-4493-9d44-b7b4cba3ca34},Waka Kotahi NZ Transport Agency,rural,1,10,-46.09888,168.94591
{191b5cfa-645e-4e05-9407-ca781741f57a},Waka Kotahi NZ Transport Agency,rural,1,10,-37.73891,176.10776
{d1f2bc9e-c7df-4241-bdba-ef0a59b8bea5},Waka Kotahi NZ Transport Agency,,1,10,-37.21367,174.99927
{0704961e-073b-4025-906b-93a02115eb7f},Waka Kotahi NZ Transport Agency,,1,10,-37.21639,175.00080
{fe3118bf-9684-4559-89f3-1fc3d1a7589a},Waka Kotahi NZ Transport Agency,,1,10,-37.66517,176.20715
{5168a663-f95c-456f-8639-434e90bae898},Waka Kotahi NZ Transport Agency,rural,1,10,-36.80090,174.63776
{313a8ba0-01f2-4230-983d-d2f31dc02714},Waka Kotahi NZ Transport Agency,,1,10,-36.76927,174.68695
{8893636a-a1d7-4002-8cee-1d9dc95dcf15},Waka Kotahi NZ Transport Agency,,1,10,-37.10545,174.94576
{d5b753e5-412f-4a9f-a019-78173c206224},Waka Kotahi NZ Transport Agency,,1,10,-36.90548,174.81441
{2af90c48-6783-45a3-b39b-15f38c288390},Waka Kotahi NZ Transport Agency,,2,10,-38.14467,176.23772
{c9249a74-6b7b-4b30-8ce7-02c0bb44ce02},Waka Kotahi NZ Transport Agency,rural,1,10,-37.80068,176.39886
{b208074a-be61-4ea1-ba0c-5ee036d98ec9},Waka Kotahi NZ Transport Agency,rural,1,10,-43.54339,172.52570
{f7506b95-674e-4911-bf40-37c30c7db91d},Waka Kotahi NZ Transport Agency,,1,10,-37.22584,175.00990
{e554ae51-5394-4172-a976-aa719a8e9105},Waka Kotahi NZ Transport Agency,,1,10,-41.10853,174.91739
{7988ee27-9a53-4eca-8ff1-a6193e9e8f99},Waka Kotahi NZ Transport Agency,,1,10,-36.92084,174.84466
{b12f8ff5-f0b4-4859-8f4b-8a799a92a4a8},Waka Kotahi NZ Transport Agency,,1,10,-37.79456,175.24801
{0c48493a-e955-4eb0-a813-be878d77c499},Waka Kotahi NZ Transport Agency,rural,1,10,-41.10571,174.86828
{1c50236a-8a9d-4662-90ac-2d67cca14495},Waka Kotahi NZ Transport Agency,,1,10,-37.75759,175.23135
{4e58df58-55e7-40fd-b08f-db603196521f},Waka Kotahi NZ Transport Agency,,1,10,-37.66475,176.20791
{90631f6e-12e2-4a68-ac13-0265122e923a},Waka Kotahi NZ Transport Agency,rural,1,10,-37.80057,176.39966
{b7233450-e3f9-4c33-8313-fac875ecb179},Waka Kotahi NZ Transport Agency,,1,10,-36.89027,174.79936
{49712e08-9a7e-4d1f-8757-264def9f2220},Waka Kotahi NZ Transport Agency,rural,1,10,-37.94245,175.66762
{16b20b96-6d59-427e-9fb8-4d44495ca471},Waka Kotahi NZ Transport Agency,rural,1,10,-41.50799,173.95936
{ae13d8c5-8d58-4ca4-bbc1-ef7ad9dd82b0},Waka Kotahi NZ Transport Agency,,1,10,-36.84380,174.75032
{a54ed046-1608-4ff1-a9c5-f5171d539290},Waka Kotahi NZ Transport Agency,,1,10,-36.85987,174.75996
{b29a2d7a-d8cc-4472-90be-5c91febc1c02},Waka Kotahi NZ Transport Agency,,1,10,-39.63156,176.80125
{af5f329c-6f9e-49bb-b065-457a6f630a35},Waka Kotahi NZ Transport Agency,,1,10,-43.56086,172.45874
{5760b217-6379-4ef4-a844-8fdba81d68d1},Waka Kotahi NZ Transport Agency,,1,10,-36.62472,174.66464
{dee121ca-a22b-458d-b02f-10f032397a34},Waka Kotahi NZ Transport Agency,,1,10,-36.82122,174.75002
{f0e9069c-99e4-40ca-884d-e6928e0295be},Waka Kotahi NZ Transport Agency,,1,10,-36.91767,174.83680
{cb8e2cd8-6d8b-4413-aaad-951cc2e3e3b8},Waka Kotahi NZ Transport Agency,,1,10,-36.85738,174.76723
{e6606175-b7a2-4384-a602-2859eeff117e},Waka Kotahi NZ Transport Agency,,1,10,-36.38879,174.64267
{778a03cd-3725-4813-b0bc-77eddc6426a5},Waka Kotahi NZ Transport Agency,rural,1,10,-37.95800,176.97352
{08054d6a-f3c9-46a5-9649-46148e1bfb82},Waka Kotahi NZ Transport Agency,,1,10,-37.70749,175.20648
{b78ef3bc-e560-4762-a106-30a06d815fed},Waka Kotahi NZ Transport Agency,,1,10,-37.80113,175.32286
{3132ad04-1c71-43f4-8fe6-826774255a92},Waka Kotahi NZ Transport Agency,,1,10,-41.12120,174.85447
{09ff51f9-b147-4f46-be14-4668d124cc19},Waka Kotahi NZ Transport Agency,,1,10,-37.61180,175.18624
{afb4ec12-0d72-469d-a4f5-b86c5e799f12},Waka Kotahi NZ Transport Agency,,1,10,-45.87705,170.50455
{b0dd8a13-a3b5-454e-b464-615e82efe623},Waka Kotahi NZ Transport Agency,,1,10,-38.00736,175.32970
{c48be19a-4f0a-4633-bfd6-1457673e5dde},Waka Kotahi NZ Transport Agency,,1,10,-37.81875,175.34445
{29abf0df-1344-4a6c-8094-8795d72e4ccb},Waka Kotahi NZ Transport Agency,urban,1,10,-37.07350,174.93019
{69693ec4-4b3c-40e2-98f7-edfb62fa24f0},Waka Kotahi NZ Transport Agency,rural,2,10,-36.52836,174.67775
{f034840e-74a7-4129-ac35-6fd915227333},Waka Kotahi NZ Transport Agency,rural,1,10,-40.33231,175.84997
{bf5823c2-60f4-4019-8d1d-6bd4d36217e8},Waka Kotahi NZ Transport Agency,,1,10,-40.98186,174.96938
{cbb0ce7d-d0e9-4df4-91ba-7a4a2338746b},Waka Kotahi NZ Transport Agency,,1,10,-39.49675,176.87380
{fbe8b7fc-c88d-4028-81d7-605b5c166801},Waka Kotahi NZ Transport Agency,,1,10,-36.91007,174.73626
{459d27c2-42a9-45c9-b09f-0ba479ccb430},Waka Kotahi NZ Transport Agency,,1,9,-39.49608,176.87423
{4e362d1e-dd8f-4a09-aefd-c1b131b57973},Waka Kotahi NZ Transport Agency,rural,1,9,-36.92227,174.76724
{f0ab8a14-0a87-45cc-a164-3eb479c65b82},Waka Kotahi NZ Transport Agency,,1,9,-39.47439,176.87696
{e8db23cf-c7c0-4447-b1c0-5c17520af1b3},Waka Kotahi NZ Transport Agency,,1,9,-43.41009,172.64538
{805ad2fa-1fbc-4ad0-8404-c5984af04326},Waka Kotahi NZ Transport Agency,rural,1,9,-37.35507,175.08233
{9917cb1a-3baa-469a-8154-9b681236af7b},Waka Kotahi NZ Transport Agency,,1,9,-41.15788,174.97447
{a542de50-515c-4963-a784-d598202404d5},Waka Kotahi NZ Transport Agency,,1,9,-37.86798,175.45788
{564f6965-5760-49f1-83b5-996baee0c495},Waka Kotahi NZ Transport Agency,,1,9,-39.60698,176.83696
{852afc65-6fc0-4104-860f-d047d0d43cce},Waka Kotahi NZ Transport Agency,,1,9,-36.87239,174.70610
{88f29644-88fa-41b6-b32f-782285402c26},Waka Kotahi NZ Transport Agency,,1,9,-36.99807,174.85501
{1a6f8340-6487-4532-9b14-8c35b8dd3d5e},Waka Kotahi NZ Transport Agency,,1,9,-37.09052,174.94097
{f296ce2b-a48c-4f7b-b848-c48b60c5da22},Waka Kotahi NZ Transport Agency,,1,9,-36.87409,174.70395
{cce2edfc-dacc-439b-b990-f9898bc0d91f},Waka Kotahi NZ Transport Agency,,1,9,-41.11803,175.04701
{4d11f20f-1489-4b89-ba24-61ca3b93f029},Waka Kotahi NZ Transport Agency,,1,9,-37.69813,176.15280
{c9ded5ff-f7c4-4afe-8cef-f85f67a4a883},Waka Kotahi NZ Transport Agency,,1,9,-43.48608,172.62853
{e55de5d0-6699-40a4-9c08-c621a8dc9838},Waka Kotahi NZ Transport Agency,,1,9,-37.80160,175.30778
{9da145bf-f8c1-4d2d-b62b-c9361a8d35dc},Waka Kotahi NZ Transport Agency,rural,1,9,-36.87260,174.70511
{f02899da-4f45-4510-be88-885518c66113},Waka Kotahi NZ Transport Agency,,1,9,-36.86081,174.75716
{2e1a381d-b855-4cb4-9f62-4350acbbef02},Waka Kotahi NZ Transport Agency,rural,1,9,-39.33793,174.28415
{db993217-7505-4637-bb58-37ca95fa9684},Waka Kotahi NZ Transport Agency,,1,9,-35.89115,174.43236
{2173519f-3237-4452-9f99-8ed368e33d93},Waka Kotahi NZ Transport Agency,,1,9,-45.01143,168.74163
{08a8bb25-3f96-434d-b71f-c7e999fd4c09},Waka Kotahi NZ Transport Agency,,1,9,-37.81172,175.28213
{5a4ab22c-736a-4c5a-81f1-3c84db964f6d},Waka Kotahi NZ Transport Agency,rural,1,9,-41.32585,174.80984
{47a2ff7a-33dd-40d9-abc7-c614d79b7852},Waka Kotahi NZ Transport Agency,rural,1,9,-36.96433,174.86707
{47d8b8a2-a76c-4801-9ff3-e1afa2ed9d67},Waka Kotahi NZ Transport Agency,,1,9,-39.62067,176.81617
{f7625751-8ff1-434a-bdb1-c3336f0e3d80},Waka Kotahi NZ Transport Agency,rural,1,9,-36.85297,174.75500
{854137f5-3d3f-482d-ba5f-a253e4f72acb},Waka Kotahi NZ Transport Agency,rural,1,9,-37.94223,175.66819
{b557f353-b0e3-4ad3-8363-3b2496cb7b5b},Waka Kotahi NZ Transport Agency,,1,9,-36.91058,174.73737
{065a5c50-3f7c-4a29-a000-e2f5b8594a8f},Waka Kotahi NZ Transport Agency,,1,9,-36.90487,174.81362
{b4069302-5ea4-48c7-a096-0964d69255f4},Waka Kotahi NZ Transport Agency,,1,9,-36.99643,174.84827
{216afaec-e8d7-4309-97c6-72aab49890dc},Waka Kotahi NZ Transport Agency,,1,9,-37.20547,174.99291
{5068ea19-8ba9-4de8-9ba9-76357e72f025},Waka Kotahi NZ Transport Agency,rural,1,9,-41.32092,173.21165
{376ca871-749c-4184-b595-dc3d096322d7},Waka Kotahi NZ Transport Agency,rural,1,9,-37.07375,174.92769
{ffa89402-8c08-4f66-b2c8-5f474cf889cc},Waka Kotahi NZ Transport Agency,,1,9,-37.20492,174.99250
{8dcfabba-a389-41f1-b656-0d08f67fe184},Waka Kotahi NZ Transport Agency,,1,9,-36.71565,174.71062
{8af73e3c-a74a-47ca-ad7f-dcc3283752ca},Waka Kotahi NZ Transport Agency,,1,9,-39.60654,176.83748
{e96df279-dec4-48fe-a008-746b73211dd9},Waka Kotahi NZ Transport Agency,rural,1,9,-36.99666,174.87541
{eeb26fa1-605e-43c4-b401-85858e45ef32},Waka Kotahi NZ Transport Agency,,1,9,-43.37400,172.64570
{b1594f6a-5343-4b26-b407-9c201e0806b1},Waka Kotahi NZ Transport Agency,,1,9,-37.62134,175.59556
{18d5be30-2489-495b-b38e-a9923a6c8464},Waka Kotahi NZ Transport Agency,,1,9,-36.88888,174.79770
{db9118d6-68e7-4fa3-8bb3-61b2afcb02b5},Waka Kotahi NZ Transport Agency,rural,1,9,-43.58375,172.40997
{b2e5bd25-8aac-4e5a-9af7-ba5fd5440aa4},Waka Kotahi NZ Transport Agency,rural,1,9,-36.83204,174.62047
{d419c1eb-ccc8-4ffb-acd7-cc3ec9c5f940},Waka Kotahi NZ Transport Agency,,1,9,-37.70818,175.20815
{216574d8-71c1-4a4a-9d33-cd9983327630},Waka Kotahi NZ Transport Agency,rural,1,9,-39.33785,174.28412
{586b67ec-9098-47d9-a19b-0e6ab42769bd},Waka Kotahi NZ Transport Agency,,1,9,-36.91301,174.74314
{9cd55849-3c87-437c-887d-c585c09dbb29},Waka Kotahi NZ Transport Agency,,1,9,-38.14638,176.27991
{286074ec-c535-4881-a33e-fb18588f160f},Waka Kotahi NZ Transport Agency,,1,9,-36.97079,174.79081
{872ec0da-c8a8-4138-bfe4-3fe439e3e7b5},Waka Kotahi NZ Transport Agency,,1,9,-39.49652,176.87447
{3c6b2811-e68a-4966-87af-426105d880d2},Waka Kotahi NZ Transport Agency,,1,9,-36.78734,174.57666
{d8be7b76-2cac-49c2-8a7a-4af1b24e8075},Waka Kotahi NZ Transport Agency,,1,9,-41.33141,173.20281
{544ab232-182e-4ea2-82d7-edc3c8d8d695},Waka Kotahi NZ Transport Agency,,1,9,-40.89261,175.03253
{ee4fca0f-00f4-4fae-99bf-c0e43379702a},Waka Kotahi NZ Transport Agency,rural,1,9,-37.72646,176.16856
{c280737b-f29e-45de-8f3c-ebaf617b4c34},Waka Kotahi NZ Transport Agency,,1,9,-36.97202,174.81454
{eeafe056-ca7d-492d-a3d8-68542bb49884},Waka Kotahi NZ Transport Agency,,1,9,-36.95986,174.79885
{466fb224-fb41-4ed4-95a7-2d11e0c9e7fc},Waka Kotahi NZ Transport Agency,rural,1,9,-37.73861,176.10757
{7e30bdd4-573b-45d6-b649-f9b72cbe1156},Waka Kotahi NZ Transport Agency,,1,9,-37.43233,175.13335
{d1859417-b1fb-4890-b4e2-63671ecaebce},Waka Kotahi NZ Transport Agency,rural,1,9,-36.77134,174.68667
{4f39d267-2c39-4486-bf9c-83c43a5e7b26},Waka Kotahi NZ Transport Agency,rural,1,9,-37.14377,174.96909
{2fa07818-655e-46ee-a90d-f14a65644706},Waka Kotahi NZ Transport Agency,,1,9,-36.90322,174.81175
{a767c1be-07b8-4580-8b57-7e42f564f261},Waka Kotahi NZ Transport Agency,,1,9,-41.33148,173.20321
{7fa2342c-9f25-4475-ac8b-cb7fd87d274c},Waka Kotahi NZ Transport Agency,,1,9,-36.84359,174.75049
{ffa5860f-45a6-48ef-ad26-234dab834e40},Waka Kotahi NZ Transport Agency,rural,1,9,-37.80086,176.39969
{175206b8-4ae2-4186-97b9-fc55b49f742f},Waka Kotahi NZ Transport Agency,rural,1,9,-37.86799,175.45778
{0e62083f-03ed-412d-aedc-cc0defe89e7a},Waka Kotahi NZ Transport Agency,rural,1,9,-37.69581,176.10648
{999926ff-f9f0-4ac7-b59e-cc1e1e4f22ba},Waka Kotahi NZ Transport Agency,,1,9,-37.41325,175.12703
{e5f2acca-4233-4c08-b829-1b95335628d2},Waka Kotahi NZ Transport Agency,,1,9,-38.00763,175.33006
{d5e24e6b-35d8-48bd-87d7-1740250ebdb0},Waka Kotahi NZ Transport Agency,,1,9,-38.73869,176.07282
{e26081f7-6770-4a94-9fee-89e59184fe7d},Waka Kotahi NZ Transport Agency,rural,1,9,-37.94224,175.66737
{20294f16-bada-40e7-9efa-9c7fed5ab5f1},Waka Kotahi NZ Transport Agency,rural,1,9,-36.87460,174.77941
{2e6c3aad-3e89-4b87-ae8e-9f0d64459864},Waka Kotahi NZ Transport Agency,,1,9,-37.49247,175.16182
{d51af24f-528f-4a33-8344-32fc36bdad90},Waka Kotahi NZ Transport Agency,rural,1,9,-36.75036,174.72763
{aaaeefd6-d612-4964-aaac-53703d2f972e},Waka Kotahi NZ Transport Agency,rural,1,9,-41.10556,174.86803
{8bc4362d-648e-4c56-9387-5d1c6546079a},Waka Kotahi NZ Transport Agency,rural,1,9,-37.27589,175.34297
{6015ebdf-6dea-4ce8-96c2-34636cc57cb2},Waka Kotahi NZ Transport Agency,,1,9,-45.88888,170.35529
{0d8e988f-c9f3-4b6f-8659-0a1ed409f6e8},Waka Kotahi NZ Transport Agency,rural,1,9,-37.69548,176.11188
{7ff5bf03-12dc-43b1-a5fa-d2d51f76757d},Waka Kotahi NZ Transport Agency,,1,9,-37.80091,175.32273
{bef83997-676c-475f-aae2-b5bd179b561d},Waka Kotahi NZ Transport Agency,,1,9,-36.75540,174.73105
{191fcd50-1f58-4766-8f48-ae69811fab54},Waka Kotahi NZ Transport Agency,rural,1,9,-39.03518,174.14882
{a1d78931-f003-42c6-8ddc-8e9a0bcf7f3f},Waka Kotahi NZ Transport Agency,,1,9,-39.62051,176.81597
{18939628-9c1c-4125-8ad1-434659674d70},Waka Kotahi NZ Transport Agency,rural,1,9,-46.34654,168.34731
{e243f8df-3519-4854-abbd-9f6648c21354},Waka Kotahi NZ Transport Agency,rural,1,9,-37.69685,176.12794
{7d655d77-dd51-479c-8f5d-9391e1f3ce47},Waka Kotahi NZ Transport Agency,,1,9,-41.13812,174.84450
{3ee55477-7517-4cd0-ac75-cdf2d617a0b1},Waka Kotahi NZ Transport Agency,,1,9,-41.14105,175.00236
{716a35d3-3328-43b3-a640-ece20f0768ce},Waka Kotahi NZ Transport Agency,,1,9,-41.10830,174.91685
{e0892122-97cf-4cda-aa89-31d2f58cce78},Waka Kotahi NZ Transport Agency,,1,9,-43.57059,172.69187
{95bc921e-b5ce-4a9a-9cba-b812e62e935c},Waka Kotahi NZ Transport Agency,,1,9,-43.42582,172.64757
{aeacca13-8650-433a-aa66-8b66d372c954},Waka Kotahi NZ Transport Agency,,1,9,-41.13807,174.84527
{1b0d9251-9f85-48bc-9027-4b44aee1113b},Waka Kotahi NZ Transport Agency,,1,9,-41.26528,174.78565
{6f648ed2-f92f-408e-881f-81e97d2f0cdb},Waka Kotahi NZ Transport Agency,,1,9,-40.98023,174.97452
{b9a04a8b-354c-4b62-a7c0-c9db2c9c79c4},Waka Kotahi NZ Transport Agency,,1,9,-41.10855,174.91717
{be3ab09d-5274-400e-a1fd-8a7b8f54bd6f},Waka Kotahi NZ Transport Agency,,1,9,-43.48633,172.63070
{9ba3e76e-381a-4da9-9205-6456faf7167c},Waka Kotahi NZ Transport Agency,rural,1,9,-37.73499,176.12353
{ca56a46e-24cd-4b02-9c7c-266c4bff7205},Waka Kotahi NZ Transport Agency,,1,9,-36.91560,174.83604
{776c7618-15a7-4194-ab79-ce47b29748b0},Waka Kotahi NZ Transport Agency,,1,9,-41.15856,174.97479
{ec399851-c6d9-4db0-b634-b8e7896c5b4b},Waka Kotahi NZ Transport Agency,,1,9,-37.58723,175.19650
{0b8d8090-4c02-4d3a-a611-ca1e508f6fb6},Waka Kotahi NZ Transport Agency,rural,1,9,-40.90739,175.01956
{7bb458c2-7089-47cb-8d2e-83582bb8dfe1},Waka Kotahi NZ Transport Agency,,1,9,-37.18864,175.57210
{79f62dc1-9861-4c42-862f-d3f6616e68d0},Waka Kotahi NZ Transport Agency,rural,1,9,-37.69565,176.10686
{8ac58f4e-02b4-41b0-98d4-cec8add870ea},Waka Kotahi NZ Transport Agency,,1,9,-37.81625,175.34144
{a3268fd1-4a7f-44c4-86f1-030b88cf61db},Waka Kotahi NZ Transport Agency,,1,9,-36.90383,174.81120
{f6ab7218-9ba9-4944-a653-a02a52a7a34d},Waka Kotahi NZ Transport Agency,,1,9,-41.27941,174.77327
{b896e6eb-6b40-4bcb-b7bf-1b165591ba8f},Waka Kotahi NZ Transport Agency,,1,9,-41.23396,174.80748
{45ec6227-b36d-47ea-a3f8-bf7fc981fd06},Waka Kotahi NZ Transport Agency,,1,8,-39.60675,176.83777
{f2490a9d-3e78-4fcb-9546-0a4d75ee0799},Waka Kotahi NZ Transport Agency,rural,1,8,-36.79935,174.64020
{548ebd75-6651-40fe-9c10-93a93e31025d},Waka Kotahi NZ Transport Agency,,1,8,-37.81154,175.28235
{e531c3a9-0cb3-44f7-bb94-7aeee2237b20},Waka Kotahi NZ Transport Agency,,1,8,-39.51080,176.87685
{559bbb9f-9b44-4861-b5ed-cc3d6dac1d3b},Waka Kotahi NZ Transport Agency,,1,8,-36.91314,174.82336
{b51b01db-5c9f-44f7-9699-a3c905155f09},Waka Kotahi NZ Transport Agency,,1,8,-37.76927,175.24024
{353e3893-7463-4e08-89bd-29d7bfd0f1d1},Waka Kotahi NZ Transport Agency,,1,8,-40.97102,174.98335
{82a9f5b0-5db6-4579-b353-127ef23fcaa0},Waka Kotahi NZ Transport Agency,,1,8,-43.47147,172.57023
{3d1cfa87-b6a0-4703-bf6a-85edd7bdc267},Waka Kotahi NZ Transport Agency,rural,1,8,-36.93883,174.85254
{b6cb7070-dff7-4cc3-89c3-b921d6c8379d},Waka Kotahi NZ Transport Agency,,1,8,-39.63098,176.80149
{7553c8b5-5917-4611-98ed-fcd8947c6c95},Waka Kotahi NZ Transport Agency,rural,1,8,-37.69728,176.12646
{57cef745-00a4-467f-a6d2-643404a122c5},Waka Kotahi NZ Transport Agency,,1,8,-41.23501,174.80607
{ad89e503-ca66-4ace-acfe-b244adb4d303},Waka Kotahi NZ Transport Agency,,1,8,-41.18567,174.83141
{f77d18c4-c3dc-439d-a56b-029e1403b311},Waka Kotahi NZ Transport Agency,rural,1,8,-39.99559,176.55667
{06adb518-8307-4053-b7b9-501a557ee0ab},Waka Kotahi NZ Transport Agency,,1,8,-36.85561,174.76961
{d4373e32-22f0-468d-85a5-767430565e7c},Waka Kotahi NZ Transport Agency,,1,8,-39.60718,176.83728
{472a3478-093e-46af-98ae-684e0157a1f3},Waka Kotahi NZ Transport Agency,,1,8,-36.86027,174.75564
{f0c9ce56-43bc-45d4-855a-16a614802ed3},Waka Kotahi NZ Transport Agency,rural,1,8,-37.70597,175.25070
{bdaa824a-99ca-4936-979b-7488393a1571},Waka Kotahi NZ Transport Agency,rural,1,8,-36.85382,174.75740
{98a32371-8cbf-4d38-b674-b1d479d7f9d0},Waka Kotahi NZ Transport Agency,,1,8,-39.53935,176.86122
{29f85a61-f60b-4404-83c5-da634807b816},Waka Kotahi NZ Transport Agency,rural,1,8,-37.73485,176.10790
{bb1fcb37-7efc-4a23-b48e-d35d6ba900a7},Waka Kotahi NZ Transport Agency,,1,8,-41.15809,174.97436
{69899627-333c-4e5f-9bdc-5fbb90ec8ded},Waka Kotahi NZ Transport Agency,rural,1,8,-37.35484,175.08327
{8287aeab-8cc7-4e42-aa2d-c3fe9ccbd20b},Waka Kotahi NZ Transport Agency,rural,1,8,-37.80052,176.39895
{49cf0f51-de77-4902-96c1-bee0632f640e},Waka Kotahi NZ Transport Agency,,1,8,-41.13518,174.89785
{685f2aa2-c95f-4fed-9ae6-c6ad58126ddb},Waka Kotahi NZ Transport Agency,rural,1,8,-43.58057,172.40893
{42407236-ee07-4dbe-addc-c682ed94f503},Waka Kotahi NZ Transport Agency,,1,8,-36.38810,174.64235
{d40de743-eb45-49c3-bcff-19a8e78bc322},Waka Kotahi NZ Transport Agency,,1,8,-39.63090,176.80114
{b52ca97f-aaad-4eab-8c15-9dc6dbc76fea},Waka Kotahi NZ Transport Agency,,1,8,-39.62006,176.81650
{529c6c81-2ff1-436c-bb43-f719a8abb1f6},Waka Kotahi NZ Transport Agency,,1,8,-41.11672,175.32254
{c325285f-2458-49e1-a6b4-32142e4b6d1e},Waka Kotahi NZ Transport Agency,,1,8,-37.22961,175.01837
{4ba0ba5e-a73c-4576-bc56-7d6a3ede323d},Waka Kotahi NZ Transport Agency,,1,8,-36.38869,174.64238
{61ac9354-1b53-4f8f-9243-85e295c941dd},Waka Kotahi NZ Transport Agency,rural,1,8,-36.53427,174.68461
{bb21d423-7cf7-4994-8405-2d344c8224c7},Waka Kotahi NZ Transport Agency,rural,1,8,-37.94243,175.66800
{c7bbfbff-2d63-4cab-ab33-08542908ccbf},Waka Kotahi NZ Transport Agency,,1,8,-37.61195,175.18668
{1f2a8da2-df2d-4364-903c-3ee54447d523},Waka Kotahi NZ Transport Agency,,1,8,-41.15781,174.97474
{0036504c-7056-4fa4-9583-0c693741ae53},Waka Kotahi NZ Transport Agency,,1,8,-43.37468,172.64735
{8c5a894a-300b-4196-b35c-bee8ed270acb},Waka Kotahi NZ Transport Agency,rural,1,8,-39.34120,174.28546
{7750eafe-3e07-4101-8e58-38b51d1f0db5},Waka Kotahi NZ Transport Agency,,1,8,-39.51109,176.87673
{d882a836-a53e-4a77-9a69-57811250ba5f},Waka Kotahi NZ Transport Agency,,1,8,-38.41884,175.81140
{1aa9a988-f63c-4089-a642-663554bb0a4f},Waka Kotahi NZ Transport Agency,,1,8,-41.27284,174.77702
{d781a9bd-4ca0-4e68-9231-907648e27fb4},Waka Kotahi NZ Transport Agency,,1,8,-37.22043,175.11831
{8ceac570-8114-4272-8cd9-fbfabdb4fe13},Waka Kotahi NZ Transport Agency,rural,1,8,-37.27605,175.34247
{cdb3c2b6-c0b1-401f-9b1b-1b56e65556e8},Waka Kotahi NZ Transport Agency,,1,8,-37.66527,176.20722
{dc88b0a3-9158-4744-a91e-9a8a6aff785b},Waka Kotahi NZ Transport Agency,,1,8,-37.69770,176.15135
{5667fe15-497c-4382-8dce-4c5b42f2370b},Waka Kotahi NZ Transport Agency,,1,8,-41.33154,173.20309
{3bf7726e-6984-4dfc-a453-d08c1e7e391b},Waka Kotahi NZ Transport Agency,,1,8,-37.70793,175.20637
{fa17d736-57f6-4a35-a29e-fd02392ed710},Waka Kotahi NZ Transport Agency,,1,8,-37.82865,175.35714
{8a12af47-94f8-46aa-967c-5080223cbc12},Waka Kotahi NZ Transport Agency,rural,1,8,-37.69581,176.07255
{fa9d66d3-d90c-4a57-b991-f80f39c98b0b},Waka Kotahi NZ Transport Agency,,1,8,-45.90046,170.37401
{aef27c63-3d09-47cf-896d-be64d86f1543},Waka Kotahi NZ Transport Agency,,1,8,-37.66532,176.20677
{f0d8c042-ced6-4a35-9166-caeeca3c1311},Waka Kotahi NZ Transport Agency,,1,8,-37.80098,175.32284
{7262c6a4-b946-4fb1-a57d-dfe2f3d27612},Waka Kotahi NZ Transport Agency,,1,8,-41.15198,174.84436
{407d0598-2cef-45e4-91a3-e5def6793da3},Waka Kotahi NZ Transport Agency,rural,1,8,-40.33213,175.85014
{62c4e5f3-3fdd-4941-9e25-97c35abedd8e},Waka Kotahi NZ Transport Agency,rural,1,8,-46.34465,168.34558
{a487552e-77d9-4c7b-afab-fffe0620f05a},Waka Kotahi NZ Transport Agency,,1,8,-37.74341,175.30466
{bd8e077c-75e6-45a4-b7f2-280230758cad},Waka Kotahi NZ Transport Agency,,1,8,-37.19363,174.98292
{65825ce0-46b5-4fb0-bff6-4379a0c0f0d7},Waka Kotahi NZ Transport Agency,rural,1,8,-36.94017,174.79126
{2fb1ce9f-3505-4337-8323-3868542249a8},Waka Kotahi NZ Transport Agency,,1,8,-37.81794,175.34517
{d8e3cb03-b3f8-4c28-9723-a434aa111af4},Waka Kotahi NZ Transport Agency,,1,8,-43.37429,172.64621
{742649e5-f68e-41cc-9f71-53e96fc2cba7},Waka Kotahi NZ Transport Agency,rural,1,8,-35.78092,174.30782
{5df6a568-0b39-44d3-8c24-2740596e8cd8},Waka Kotahi NZ Transport Agency,rural,1,8,-39.51740,176.87732
{8c81bfa9-bd08-4bbb-ae8a-81f054491281},Waka Kotahi NZ Transport Agency,rural,1,8,-36.62516,174.66383
{2a71d873-e65a-4e9f-ab1e-b11855e8bbd3},Waka Kotahi NZ Transport Agency,rural,1,8,-37.73878,176.14063
{ae045722-9271-4b3a-90d8-0a0f4e2aaebe},Waka Kotahi NZ Transport Agency,rural,1,8,-39.99557,176.55673
{e47b255a-8593-4cb8-8288-41c56e2180a9},Waka Kotahi NZ Transport Agency,,1,8,-37.67364,176.16981
{bec78649-bdaa-425b-9b78-14d2a24610b5},Waka Kotahi NZ Transport Agency,,1,8,-38.70471,176.11187
{6c1bc399-05e7-4f2e-9679-dbee028d535a},Waka Kotahi NZ Transport Agency,rural,1,8,-37.14336,174.97016
{e8b9fad3-ae58-49bd-904c-18f4a6d2c3a9},Waka Kotahi NZ Transport Agency,,1,8,-41.27079,174.77976
{7df6c65a-94d3-466a-80ec-7850b8b5929c},Waka Kotahi NZ Transport Agency,,1,8,-37.80097,175.32249
{1ded8c42-cf29-4fe5-8af4-822f8a95c739},Waka Kotahi NZ Transport Agency,rural,1,8,-37.69565,176.11176
{7d267ca7-54b4-44b6-8c39-f9b3053f400a},Waka Kotahi NZ Transport Agency,,1,8,-37.81169,175.28231
{cb275e2a-d7cb-4e15-8aba-17fc2ce94430},Waka Kotahi NZ Transport Agency,,1,8,-37.78245,175.25277
{be0f9dae-fd53-4bbe-81c5-6771e7647b77},Waka Kotahi NZ Transport Agency,rural,1,8,-37.80107,176.39912
{aa070263-1d88-49e4-b449-090c511cb9d4},Waka Kotahi NZ Transport Agency,rural,1,8,-37.19031,175.57577
{40d30d1a-8471-41f0-900f-dfe09ec68522},Waka Kotahi NZ Transport Agency,,1,8,-41.24915,174.81167
{96f0edb2-588d-411a-90a4-9be5ad185147},Waka Kotahi NZ Transport Agency,rural,1,8,-36.89425,174.80562
{6d0de7ea-8ac7-4f16-8fc0-77a56d8bb38e},Waka Kotahi NZ Transport Agency,,1,8,-41.29995,173.24006
{dd16374a-e5eb-4fab-8997-4c6a72d5f1e2},Waka Kotahi NZ Transport Agency,,1,8,-40.34195,175.64608
{2f9b7333-04ab-46cc-a885-8ba0ac343894},Waka Kotahi NZ Transport Agency,rural,1,8,-37.35513,175.08240
{1cfb4384-a84d-43f0-9e7d-784938a6c57c},Waka Kotahi NZ Transport Agency,,1,8,-37.78290,175.25307
{d8ec4dce-b84c-425c-8694-8bbef2c06127},Waka Kotahi NZ Transport Agency,,1,8,-36.62570,174.66335
{91bc3a64-2fac-448f-b5bb-98f068e6ed8c},Waka Kotahi NZ Transport Agency,,1,8,-39.63146,176.80090
{5eb2fe22-128e-48ea-9e13-862662119a07},Waka Kotahi NZ Transport Agency,rural,1,8,-41.29863,173.24386
{3a540bf4-b36e-4c90-abdb-b4cbf89784d6},Waka Kotahi NZ Transport Agency,rural,1,8,-36.95255,174.79176
{c2ae7a9a-ae47-4300-9a90-c14c8cfec0a1},Waka Kotahi NZ Transport Agency,,1,8,-37.43307,175.13966
{6841b754-3446-444f-9f55-e56cb951da1c},Waka Kotahi NZ Transport Agency,rural,1,8,-45.89095,170.35625
{78ccef8c-3a4f-4cf0-8dbc-1c80047963f8},Waka Kotahi NZ Transport Agency,,1,8,-43.47188,172.56996
{b56acb53-7989-4279-b48e-05f43a4dd110},Waka Kotahi NZ Transport Agency,rural,1,8,-37.69535,176.11161
{77f10921-347c-4226-a326-0b03fd2228db},Waka Kotahi NZ Transport Agency,,1,8,-41.15854,174.97471
{3dbe664e-cd63-4223-a19a-d43e482756d7},Waka Kotahi NZ Transport Agency,rural,1,8,-37.73726,176.15141
{85073cf4-35c0-45aa-8664-23cbd47cff71},Waka Kotahi NZ Transport Agency,rural,1,8,-37.27616,175.34303
{31c77a2d-7d6c-4ca8-a216-45e7843fc5ef},Waka Kotahi NZ Transport Agency,rural,1,8,-37.30923,175.06742
{da0605fb-5346-4919-9589-064668f1477b},Waka Kotahi NZ Transport Agency,,1,8,-41.15828,174.97522
{ec143f9f-d438-469a-acfe-fe3d65267308},Waka Kotahi NZ Transport Agency,,1,8,-43.54762,172.57811
{1cbd9f72-8b85-41ea-b72e-39b6dbd42982},Waka Kotahi NZ Transport Agency,,1,8,-35.89151,174.43304
{9bbea762-6619-421c-a4f6-8a5fbed6245f},Waka Kotahi NZ Transport Agency,,1,8,-39.49516,176.89340
{619b8dc6-9fb0-46c7-b8ea-dbeac8b0d5e4},Waka Kotahi NZ Transport Agency,,1,8,-40.97342,174.98111
{ededa9fc-bfdc-4814-a636-5adad9646a4f},Waka Kotahi NZ Transport Agency,rural,1,8,-37.94194,175.66813
{28518eec-8704-498c-94a3-ebc26dc06823},Waka Kotahi NZ Transport Agency,rural,1,8,-37.30920,175.06741
{55ceb706-8fa9-4a25-9346-e425b1ac8330},Waka Kotahi NZ Transport Agency,,1,8,-43.56527,172.53509
{367bf7bd-c074-4800-bb08-9b1c8590dcec},Waka Kotahi NZ Transport Agency,,1,8,-37.73340,175.20899
{b5ed4b91-461d-43ca-88dc-a01b37d3ad8e},Waka Kotahi NZ Transport Agency,,1,8,-37.41016,175.12451
{7482c599-9145-44b5-ac3b-dd7f85030f42},Waka Kotahi NZ Transport Agency,,1,8,-43.48972,172.65398
{8e29aab8-6573-4b32-8607-892e8508d9ee},Waka Kotahi NZ Transport Agency,,1,8,-37.41330,175.12484
{5c04d221-c932-4249-9859-cf35705a4724},Waka Kotahi NZ Transport Agency,,1,8,-37.23230,175.16428
{9c917ad2-14bd-4876-8adf-c5b6ba596bec},Waka Kotahi NZ Transport Agency,,1,8,-43.54856,172.57908
{91cc7869-ba2b-4838-b462-446ea9bf6106},Waka Kotahi NZ Transport Agency,,1,8,-41.13853,174.84452
{fd800fb2-2f6e-4d15-b909-6120f0c41201},Waka Kotahi NZ Transport Agency,,1,8,-43.48591,172.63029
{667d9e0c-fdee-4d39-972d-06c818af86c9},Waka Kotahi NZ Transport Agency,,1,8,-37.61098,175.19164
{de8c0edf-f52b-47c2-8147-c60638742c00},Waka Kotahi NZ Transport Agency,,1,8,-41.26282,174.78771
{2259135b-c83b-4eef-b569-690fc6587ed3},Waka Kotahi NZ Transport Agency,rural,1,8,-41.29845,173.24380
{39ca6d34-5e4c-4652-a63f-6d51a340a911},Waka Kotahi NZ Transport Agency,,1,8,-37.61874,175.20503
{337351b0-34d0-4f4e-b698-6f7fdacc8fbc},Waka Kotahi NZ Transport Agency,,1,8,-41.21571,174.88289
{1bd3a5b2-d491-4e7c-a87a-1200a13e1979},Waka Kotahi NZ Transport Agency,,1,8,-39.47501,176.87700
{6930bb77-7b60-4200-9395-5bac9c2c766e},Waka Kotahi NZ Transport Agency,,1,8,-36.76927,174.49193
{e2de0df2-12c1-4bf7-a405-20b7630f7826},Waka Kotahi NZ Transport Agency,,1,8,-37.86871,175.45089
{8160aca3-5931-43f2-aefc-21eef8c78712},Waka Kotahi NZ Transport Agency,rural,1,8,-37.73493,176.12307
{29e612c0-6219-46af-919a-94b13945600e},Waka Kotahi NZ Transport Agency,,1,8,-37.48697,175.16028
{8c5014f0-b47c-4efc-b37d-9a207b4aa763},Waka Kotahi NZ Transport Agency,rural,1,8,-36.53426,174.68461
{0871815b-39a8-40e5-8980-e7a7fae57f67},Waka Kotahi NZ Transport Agency,rural,1,8,-37.32594,175.06618
{29ca6fdc-aa93-439e-bb4b-50d132e2fee5},Waka Kotahi NZ Transport Agency,,1,8,-38.13686,176.23533
{87bca40a-3f29-404b-bfa1-ef0b1420bbeb},Waka Kotahi NZ Transport Agency,,1,8,-41.33130,173.20319
{542e3620-ad80-4ec5-bf60-eea138c16c25},Waka Kotahi NZ Transport Agency,,1,8,-43.48609,172.62923
{38784585-cad1-4d19-937f-c90aa0fda14c},Waka Kotahi NZ Transport Agency,,1,8,-37.35752,175.08490
{62a9f175-91a1-4341-ba54-15c1b4f2edf0},Waka Kotahi NZ Transport Agency,,1,8,-37.18822,175.57221
{2a30a2b6-b740-474b-a8a1-970a2984acdf},Waka Kotahi NZ Transport Agency,rural,1,8,-37.19035,175.57584
{4112832a-431d-440b-b994-557acf0dd63a},Waka Kotahi NZ Transport Agency,,1,7,-37.41723,175.12666
{a524b5fc-914f-4e68-af87-1ee67fe83a79},Waka Kotahi NZ Transport Agency,rural,1,7,-37.69577,176.10687
{bf884a93-bfb7-46ca-abe3-5ae0849ea999},Waka Kotahi NZ Transport Agency,rural,1,7,-36.62568,174.66176
{bc15123b-e981-4d5c-8174-cebb1e629efc},Waka Kotahi NZ Transport Agency,,1,7,-41.24441,174.81380
{90980edd-e451-4d62-9536-e5e3304e6605},Waka Kotahi NZ Transport Agency,,1,7,-45.90317,170.41922
{0f7dcbfb-cf24-4c70-8950-48d82757c9c9},Waka Kotahi NZ Transport Agency,,1,7,-37.70774,175.20828
{52101aae-cdc0-453c-9694-e5c87099ad9a},Waka Kotahi NZ Transport Agency,,1,7,-40.94618,175.66738
{0e1af3e0-8c12-4836-b71b-dc532d4b3cce},Waka Kotahi NZ Transport Agency,rural,1,7,-37.01434,174.90694
{d7942dc7-a988-4a39-b367-d2aac133e670},Waka Kotahi NZ Transport Agency,,1,7,-37.10877,174.94651
{86171b77-01a0-43d8-99a4-97f4ca0203a2},Waka Kotahi NZ Transport Agency,,1,7,-43.48622,172.63030
{20bc3759-b24a-4eb5-9873-8f2b15d8dc95},Waka Kotahi NZ Transport Agency,,1,7,-41.21601,174.88310
{4ad13e61-54a0-4ae1-9453-15c7af5a1040},Waka Kotahi NZ Transport Agency,,1,7,-37.80406,176.40124
{ec181e6c-903b-4a7b-bbdd-152911974045},Waka Kotahi NZ Transport Agency,,1,7,-43.45734,172.64253
{1a9d6cf7-9d80-4d16-ae96-7e0e02f59e65},Waka Kotahi NZ Transport Agency,,1,7,-37.10778,174.94554
{19b63f18-426a-4542-b5f9-28371d552887},Waka Kotahi NZ Transport Agency,,1,7,-36.38927,174.64199
{20e6175c-ceb4-4923-97ea-70f65c9a010d},Waka Kotahi NZ Transport Agency,,1,7,-41.27419,174.77503
{432dd369-675a-483b-a696-3a1f508f5699},Waka Kotahi NZ Transport Agency,,1,7,-37.75055,175.30949
{d429b0fb-8925-4165-862f-bb5bb97c834d},Waka Kotahi NZ Transport Agency,,1,7,-45.90222,170.39766
{502af256-2963-4021-9001-afb8142e9c09},Waka Kotahi NZ Transport Agency,,1,7,-40.21749,175.58307
{8a3c2c6d-692b-4bcd-8a53-7272fc3a2e3e},Waka Kotahi NZ Transport Agency,,1,7,-38.65264,177.91542
{b6e90b74-f354-414a-be1b-93e098f6281c},Waka Kotahi NZ Transport Agency,,1,7,-43.45758,172.59743
{a19a3f34-788c-410a-aa87-7b440da92632},Waka Kotahi NZ Transport Agency,,1,7,-39.51062,176.87665
{104215db-5e82-4e5a-8f24-c35b7ccc9298},Waka Kotahi NZ Transport Agency,,1,7,-41.22210,174.86840
{f7ed007a-9e6a-46c6-ba2c-a916f6a2ce51},Waka Kotahi NZ Transport Agency,,1,7,-41.11208,174.91751
{231df227-a9d4-4535-b2e9-2e89c9684c01},Waka Kotahi NZ Transport Agency,rural,1,7,-40.31906,175.57470
{bacf8125-9397-422f-b232-0a97012b360c},Waka Kotahi NZ Transport Agency,,1,7,-37.13889,174.88329
{ca988797-0b02-4b9e-b2cb-f2cb687b9a67},Waka Kotahi NZ Transport Agency,,1,7,-37.50645,175.16556
{4d6de18d-4161-492f-8f7c-6248b0af5b99},Waka Kotahi NZ Transport Agency,rural,1,7,-35.78079,174.30756
{59b986cc-60ab-49be-ba50-5feaf77d4f68},Waka Kotahi NZ Transport Agency,,1,7,-41.14106,175.00233
{a8ab7638-8f59-48f5-9899-36eea29b6c10},Waka Kotahi NZ Transport Agency,,1,7,-44.39312,171.24761
{64f853b2-d7a7-4c2c-bc51-0dacb65c0e1f},Waka Kotahi NZ Transport Agency,rural,1,7,-36.83303,174.61843
{f87223b2-c59e-44a4-805b-2443320ec203},Waka Kotahi NZ Transport Agency,,1,7,-37.69172,175.21407
{83235a8a-7986-4ea1-88e2-c311407b1943},Waka Kotahi NZ Transport Agency,,1,7,-43.56289,172.49536
{77f24b96-94d1-4c12-b2f0-3b2681d1b1a1},Waka Kotahi NZ Transport Agency,,1,7,-40.30938,175.76360
{998c4ce3-eb32-4de0-a63e-5a6fb80ef285},Waka Kotahi NZ Transport Agency,,1,7,-43.47172,172.57039
{f9734ac6-96e2-4c77-a6a1-1d8a1a2f4919},Waka Kotahi NZ Transport Agency,rural,1,7,-43.58396,172.41004
{cbc46ff2-37af-45ad-a82e-94b36703ea4b},Waka Kotahi NZ Transport Agency,,1,7,-38.16483,176.24680
{2394b08c-c0a0-41b9-a081-74b2ada85a30},Waka Kotahi NZ Transport Agency,,1,7,-36.38925,174.64229
{3c2b9d7c-1167-4685-a104-52d4809da54e},Waka Kotahi NZ Transport Agency,rural,1,7,-37.72682,176.16831
{5e671d1c-0c77-45cc-b3dd-61b80a6b9e0a},Waka Kotahi NZ Transport Agency,,1,7,-37.23657,175.02027
{b0452945-998d-4b32-9663-b2e6a653b7f0},Waka Kotahi NZ Transport Agency,rural,1,7,-40.90904,175.01901
{a97e3e45-1609-49dc-900d-dc27f25ef03a},Waka Kotahi NZ Transport Agency,,1,7,-36.95834,174.79779
{97b1832b-2d14-4285-978a-4677fc43bfa8},Waka Kotahi NZ Transport Agency,urban,1,7,-37.68273,176.22556
{a753e50a-12d0-416a-9395-3b96a4f986a0},Waka Kotahi NZ Transport Agency,,1,7,-39.30708,176.71654
{094eae86-c00e-4037-ba7a-14e82d935fbb},Waka Kotahi NZ Transport Agency,rural,1,7,-37.70460,175.25234
{902bf8f4-cbb3-4909-82d3-0c0b20466137},Waka Kotahi NZ Transport Agency,rural,1,7,-37.75374,176.10267
{5fa754fa-5adf-4c24-a964-babcb07a82de},Waka Kotahi NZ Transport Agency,,1,7,-41.04694,174.87993
{f6f09301-f8e9-4a37-9ca7-d35ac343e6fd},Waka Kotahi NZ Transport Agency,,1,7,-45.89190,170.49106
{a50ec44c-1252-49b5-af4e-6e08b91ed4c6},Waka Kotahi NZ Transport Agency,,1,7,-41.31717,174.80941
{0ae32da8-b71d-4387-96cd-9185864116f0},Waka Kotahi NZ Transport Agency,,1,7,-37.73631,175.21137
{63a9a9b3-bb3f-4381-84d3-5bd54849eb7b},Waka Kotahi NZ Transport Agency,rural,1,7,-37.69567,176.10648
{5752621a-a3b9-4cd6-89ab-011759ba5f5b},Waka Kotahi NZ Transport Agency,,1,7,-43.38476,172.64174
{ac8be61a-0a35-4382-a87d-8780166880b6},Waka Kotahi NZ Transport Agency,,1,7,-36.81949,174.61431
{a46e51b6-79ab-4cee-92ae-578705a4e52a},Waka Kotahi NZ Transport Agency,,1,7,-45.89652,170.46383
{714d486a-15ad-48c6-8d8c-c5597b5c6c3a},Waka Kotahi NZ Transport Agency,,1,7,-43.56522,172.53463
{2b1696c2-0811-411c-b40d-d9c03b49108d},Waka Kotahi NZ Transport Agency,,2,7,-39.05529,174.08812
{19ad4c95-59f2-4b95-bba7-026eb84ab92d},Waka Kotahi NZ Transport Agency,,1,7,-45.88886,170.50050
{de765352-8a71-4d4a-94b6-a9c22a94e518},Waka Kotahi NZ Transport Agency,,1,7,-40.94632,175.66754
{64f28349-943c-4af7-8445-87e28aec3d04},Waka Kotahi NZ Transport Agency,,1,7,-43.49000,172.65392
{4a449304-4b47-490f-9149-625ef12ce392},Waka Kotahi NZ Transport Agency,rural,1,7,-37.87235,175.88235
{abe7c118-602d-4bb8-a0c3-1f69f875d207},Waka Kotahi NZ Transport Agency,,1,7,-43.56792,172.44291
{48c9990b-705a-4d52-8d90-0204cfad0966},Waka Kotahi NZ Transport Agency,,1,7,-36.60499,174.66174
{ce97b5ff-a79f-4687-aa5a-ffaeeeb86bbe},Waka Kotahi NZ Transport Agency,,1,7,-39.53883,176.86033
{f15e42e4-2315-4e26-920f-224967ebd551},Waka Kotahi NZ Transport Agency,rural,1,7,-37.38275,175.67405
{62f4c00a-d9e5-42b6-862b-94b4c545ac2c},Waka Kotahi NZ Transport Agency,,1,7,-43.48921,172.55172
{7e7025af-bc79-4982-973d-98f961a41ce6},Waka Kotahi NZ Transport Agency,,1,7,-46.40943,168.37964
{bc83cc58-e155-418f-89ee-42758633e83c},Waka Kotahi NZ Transport Agency,,1,7,-43.56512,172.51236
{069636cd-5b49-46b2-8900-700c3ea26705},Waka Kotahi NZ Transport Agency,,1,7,-41.15846,174.97511
{378cd1c6-1a04-49f8-9524-6a5d702d58c1},Waka Kotahi NZ Transport Agency,,1,7,-37.40896,175.12339
{b28bc117-039b-4ac4-a3c3-ab42ef247103},Waka Kotahi NZ Transport Agency,,1,7,-37.81985,175.28260
{dced461b-3579-41da-b557-21982511a778},Waka Kotahi NZ Transport Agency,,1,7,-40.75826,175.16082
{80b17301-9b31-4166-8739-ae722192c3c0},Waka Kotahi NZ Transport Agency,,1,7,-43.48995,172.65448
{d79a0c59-0b2c-4922-85d0-e201733db6d2},Waka Kotahi NZ Transport Agency,rural,1,7,-37.69584,176.07306
{cf8bb294-a2d4-4230-a224-3f77819dc217},Waka Kotahi NZ Transport Agency,,1,7,-43.58339,172.40294
{4f0c2b37-07b0-47d3-af2e-0f8cb77eaa38},Waka Kotahi NZ Transport Agency,,1,7,-41.13856,174.84534
{b6c32910-d3c5-4442-bc27-1dbc1d3bbf9b},Waka Kotahi NZ Transport Agency,rural,1,7,-37.33686,175.06210
{af16ba20-7e00-4910-872c-5d937703e928},Waka Kotahi NZ Transport Agency,,1,7,-43.56394,172.53643
{3167a53a-7c49-4322-ab09-604613450921},Waka Kotahi NZ Transport Agency,,1,7,-37.82679,175.35557
{28eeb51c-5f3c-40ad-b978-faeb0f2de65c},Waka Kotahi NZ Transport Agency,rural,1,7,-37.22744,175.01134
{04475441-d5b8-4e80-91c3-3a65cc988af4},Waka Kotahi NZ Transport Agency,,1,7,-43.50537,172.54291
{b41fcca5-8bdb-4918-b793-d007753d82f8},Waka Kotahi NZ Transport Agency,,1,7,-39.53918,176.86016
{04940a9b-fbc4-4da4-b773-32c6d06c4a1d},Waka Kotahi NZ Transport Agency,,1,7,-37.70795,175.25392
{68f5b6f6-8079-4e1d-8cf6-b2694784ab77},Waka Kotahi NZ Transport Agency,,1,7,-37.83062,175.35997
{6e03db2c-1bee-45ec-b403-11deb7f06386},Waka Kotahi NZ Transport Agency,,1,7,-37.77779,175.33331
{db5ec463-37c6-4263-8ea6-730ecdbee427},Waka Kotahi NZ Transport Agency,rural,1,7,-43.58038,172.40884
{03ca67e1-83ee-424a-a498-ffa2c2ddc72f},Waka Kotahi NZ Transport Agency,rural,1,7,-36.80822,174.61837
{7437e352-e35b-4693-8c37-a1487a610457},Waka Kotahi NZ Transport Agency,,1,7,-39.61919,176.89339
{47e7ae69-b106-48a8-bd9c-900742d2ed28},Waka Kotahi NZ Transport Agency,,1,7,-40.97075,174.98222
{1261dd95-d1e9-4c24-9ddd-884615f1c20e},Waka Kotahi NZ Transport Agency,,1,7,-41.13557,174.89731
{3ef7ccee-1e59-40ea-ae45-7cba42246900},Waka Kotahi NZ Transport Agency,rural,1,7,-37.73891,176.14143
{54539836-d909-498e-be35-e98fe867a3c5},Waka Kotahi NZ Transport Agency,,1,7,-43.56272,172.49552
{a5d6d92e-a195-4659-b1ab-5961444c38ce},Waka Kotahi NZ Transport Agency,,1,7,-37.77493,175.33307
{b1a4aa85-07f8-45e0-89ad-eeaa32574b0b},Waka Kotahi NZ Transport Agency,,1,7,-39.61977,176.89311
{4bed790d-40fa-448d-8941-f26e36fec7fa},Waka Kotahi NZ Transport Agency,,1,7,-38.66896,176.10505
{65ddb0a0-4ded-41a7-b0c2-90058223ea03},Waka Kotahi NZ Transport Agency,rural,1,7,-36.91565,174.82628
{c183a390-42a0-41e3-b3ae-ca5ba6999f45},Waka Kotahi NZ Transport Agency,rural,1,7,-35.78053,174.30753
{84be2f7b-0966-4263-a54c-50d914408cfd},Waka Kotahi NZ Transport Agency,,1,7,-43.54832,172.57964
{b3cee649-f887-43b7-bf1c-e7dc343cafea},Waka Kotahi NZ Transport Agency,rural,1,7,-37.82933,175.35769
{79bf58ef-dba3-4125-b9b1-34c456afb4d6},Waka Kotahi NZ Transport Agency,rural,1,7,-37.86931,175.45840
{45035672-8d50-44f7-abe0-9a95c4706ff5},Waka Kotahi NZ Transport Agency,,1,7,-41.11010,174.92269
{1ec93853-8a3c-41f3-8f9e-d66bacc687c3},Waka Kotahi NZ Transport Agency,,1,7,-41.15657,174.97796
{60b2ee2f-ed9f-46e0-866b-b02c348b72a4},Waka Kotahi NZ Transport Agency,,1,7,-43.37650,172.64591
{d98d7fe2-ce5f-45d3-8d39-38d60b0290f6},Waka Kotahi NZ Transport Agency,,1,7,-38.62342,176.09936
{e1f9fce5-434b-4b37-b7cd-dd5624d276b1},Waka Kotahi NZ Transport Agency,,1,7,-43.53934,172.56846
{a79e01b7-1880-4c7b-8355-8851add165dc},Waka Kotahi NZ Transport Agency,,1,7,-37.86849,175.46501
{7a7eb67d-849d-458c-bf4e-09304613ed67},Waka Kotahi NZ Transport Agency,rural,1,7,-37.75378,176.10322
{93a9f162-b73f-4c6f-88e6-61faede024c6},Waka Kotahi NZ Transport Agency,rural,1,7,-41.10590,174.86829
{7d21e7b9-a15f-44b2-a0d0-ac12fc4acc63},Waka Kotahi NZ Transport Agency,,1,7,-37.27690,175.04726
{f1e714d8-4a15-417c-966c-79be7d8b053e},Waka Kotahi NZ Transport Agency,,1,7,-36.99741,174.84951
{9fae87df-acd1-4cbf-b294-9bd957067ea9},Waka Kotahi NZ Transport Agency,,1,7,-41.27119,174.77868
{2793a854-8d33-42b4-9c1d-575fdfe4b517},Waka Kotahi NZ Transport Agency,rural,1,7,-36.92977,174.78218
{3da6b8fb-4346-4da3-8c6a-eaaf7ba5f0e8},Waka Kotahi NZ Transport Agency,,1,7,-37.70287,175.24909
{87dca2bb-3e69-400d-8ef5-912cc6f75149},Waka Kotahi NZ Transport Agency,,1,7,-37.78274,175.35120
{9922e1b0-73ce-409a-87f6-b1b34d253713},Waka Kotahi NZ Transport Agency,,1,7,-45.89100,170.35156
{7753d9ae-5026-4f95-bd10-419cb02d4beb},Waka Kotahi NZ Transport Agency,,1,7,-38.05729,176.43306
{2356c089-c137-45d2-870e-7932e99c3a60},Waka Kotahi NZ Transport Agency,,1,7,-37.77330,175.33203
{7f852da4-d018-4eee-accf-67d2d6191fc0},Waka Kotahi NZ Transport Agency,,1,7,-43.45791,172.59700
{2abc3c7a-67e0-4650-87da-68a846434787},Waka Kotahi NZ Transport Agency,rural,1,7,-37.74649,175.30784
{60847b0a-ebc2-47d9-90c4-c51cb0e58621},Waka Kotahi NZ Transport Agency,,1,7,-37.49258,175.16160
{2e851a19-6577-44cc-a42e-4f82117fd16a},Waka Kotahi NZ Transport Agency,rural,1,7,-36.62478,174.66381
{21852207-a05e-48e2-8167-c26b28d14853},Waka Kotahi NZ Transport Agency,rural,1,7,-41.02318,175.52917
{bf9cd9f8-3022-4c31-88fe-0f8f34f55046},Waka Kotahi NZ Transport Agency,,1,7,-37.81387,175.34088
{126002be-9008-4ad1-a0f2-da56e1a7288c},Waka Kotahi NZ Transport Agency,,1,7,-37.82007,175.28279
{37e59080-1716-4a50-bf25-4e394c98a885},Waka Kotahi NZ Transport Agency,,1,7,-37.61111,175.19161
{5cc67521-881a-4db4-857b-dcf9518cea00},Waka Kotahi NZ Transport Agency,,1,7,-39.95119,175.05679
{117e49be-d47b-49dd-b1aa-6bd02a4a2b01},Waka Kotahi NZ Transport Agency,,1,7,-37.82658,175.29748
{273d8bc7-fa35-4639-a04c-530d4773db31},Waka Kotahi NZ Transport Agency,,1,7,-37.78131,175.33505
{a83685b9-4358-4f6a-bddf-eee311d2f4f7},Waka Kotahi NZ Transport Agency,,1,7,-43.37648,172.64558
{66e579ef-775b-4820-ac3b-c4bd6016b83c},Waka Kotahi NZ Transport Agency,,1,7,-43.58918,172.38327
{1cf717c4-5088-41df-8f4e-7ebd2e0fbe54},Waka Kotahi NZ Transport Agency,,1,7,-36.85843,174.76733
{117b0a28-fe5d-4c43-a528-cd0ffda3889b},Waka Kotahi NZ Transport Agency,rural,1,7,-41.32080,173.21154
{e9dc1505-66b7-4f8d-90cd-88e22ce0e0a7},Waka Kotahi NZ Transport Agency,,1,7,-43.49622,172.54825
{5b6ffbfc-5400-4e7b-a679-d0f1181861f6},Waka Kotahi NZ Transport Agency,rural,1,7,-37.19248,174.98227
{bc00811b-2025-43e3-a65c-cdb8ee4c00b7},Waka Kotahi NZ Transport Agency,rural,1,7,-44.73135,170.46922
{622f76f4-a613-4042-aa43-0cadff98091a},Waka Kotahi NZ Transport Agency,rural,1,7,-37.38278,175.67412
{e9d337ac-ddf6-45e1-9909-53f0c60976f3},Upper Hutt City Council,urban,1,7,-41.12343,175.03886
{180a8fcc-f392-4c5e-8636-bd09dc0ea102},Waka Kotahi NZ Transport Agency,,1,7,-38.66836,176.10389
{68be214f-ff1c-43d8-9516-b560b5f6db56},Waka Kotahi NZ Transport Agency,,1,7,-37.67465,175.20919
{89643b23-d433-4408-b1c6-e664b180a99c},Waka Kotahi NZ Transport Agency,rural,1,7,-37.31046,175.06729
{781bfe48-3cbb-4316-8c12-52dca06037cc},Waka Kotahi NZ Transport Agency,,1,7,-40.84697,175.08363
{4206ef98-9ea8-4095-b42c-02eab10854e5},Waka Kotahi NZ Transport Agency,rural,1,7,-36.87145,174.70519
{159d94a3-5aed-4b23-87aa-31ab17686d00},Waka Kotahi NZ Transport Agency,,1,7,-37.74314,175.30473
{2430a2d0-7030-4c70-a2e9-3e3b9a0ddf3c},Waka Kotahi NZ Transport Agency,,1,7,-41.22418,174.85805
{0589c680-76e8-44a0-9775-1e01ac8e4cac},Waka Kotahi NZ Transport Agency,,1,7,-43.47164,172.56977
{f4241ae1-8291-4f13-88ec-c50305b6fa3c},Waka Kotahi NZ Transport Agency,rural,1,7,-37.71626,176.18147
{b016a35d-d450-4dae-a4cd-2c75896c61ae},Waka Kotahi NZ Transport Agency,rural,1,7,-37.69556,176.10666
{96a6d1bd-ff62-4d7c-9ff8-9643550a55e4},Waka Kotahi NZ Transport Agency,,1,7,-41.31711,174.80281
{540beea7-84b7-4d37-a2e0-1ceac060d979},Waka Kotahi NZ Transport Agency,,1,7,-37.72961,175.20861
{548189cb-d3fd-486c-b5a3-1d8f4049cd35},Waka Kotahi NZ Transport Agency,,1,7,-46.13982,168.32572
{17287ebb-ceaa-4d79-a30c-e48327204a82},Waka Kotahi NZ Transport Agency,,1,7,-46.41305,168.36144
{ea6f6175-28d5-4aa0-9cd6-c2d65069cae5},Waka Kotahi NZ Transport Agency,,1,7,-35.71046,174.31330
{9851ed1b-d96e-4d44-9179-ea828cac407b},Waka Kotahi NZ Transport Agency,,1,7,-37.70850,175.25479
{58c558e8-7a27-472b-aa1f-e1170334daf2},Waka Kotahi NZ Transport Agency,,1,7,-38.13388,176.29637
{084d0b4b-c6f3-4fbe-82fa-fb0b74eee9d9},Waka Kotahi NZ Transport Agency,,1,7,-43.48269,172.62961
{b050528f-b159-45e4-8362-540937f958bb},Waka Kotahi NZ Transport Agency,,1,7,-41.27657,174.77352
{81dbb81f-3c87-40fd-8a57-f58b378e8097},Waka Kotahi NZ Transport Agency,,1,7,-40.24875,175.50223
{cd1c8336-68d5-43d2-8de8-27849e7dd770},Waka Kotahi NZ Transport Agency,rural,1,7,-37.80041,176.39924
{a6053c5b-23b3-4e19-80c5-cef18a34573c},Waka Kotahi NZ Transport Agency,rural,1,7,-45.89091,170.35666
{9389f087-d9a1-4431-a8a7-63a84759355e},Waka Kotahi NZ Transport Agency,,1,7,-45.90121,170.42698
{79b52ab6-0d25-4777-8c84-6270c015bff4},Waka Kotahi NZ Transport Agency,,1,7,-37.43104,175.13060
{134a0357-d53c-4d3a-8311-10db5ecddb12},Waka Kotahi NZ Transport Agency,,1,7,-40.94621,175.66699
{9ccbc908-0b85-4955-a2a1-0df98a84ce1e},Waka Kotahi NZ Transport Agency,,1,7,-36.38798,174.64201
{10891ea9-b8f0-403e-acc7-c1011fa0a579},Waka Kotahi NZ Transport Agency,rural,1,7,-41.02313,175.52922
{04b8ed26-ee3c-4e2b-a803-d804d04d11b0},Waka Kotahi NZ Transport Agency,,1,7,-43.56441,172.50376
{af19e51c-5f23-4cf7-a3b9-9640bb307a76},Waka Kotahi NZ Transport Agency,,1,7,-37.42874,175.12772
{0f7b2827-61e9-4211-86b3-760756c3fa29},Waka Kotahi NZ Transport Agency,,1,7,-39.65809,176.79424
{38589588-7523-4eb5-9e9f-e5802f053b90},Waka Kotahi NZ Transport Agency,,1,7,-41.12508,175.03092
{fcae43ec-1e29-439f-969b-088bac2fc913},Waka Kotahi NZ Transport Agency,,1,7,-37.27496,175.04660
{ec1b696e-f810-4959-a072-f9681a59956f},Waka Kotahi NZ Transport Agency,rural,1,7,-38.67023,176.10964
{8eccc7c6-9777-4d42-bc92-0ca9b0534079},Waka Kotahi NZ Transport Agency,,1,7,-37.70397,175.20896
{e8758534-23af-4958-8e8e-bd2b13c569b8},Waka Kotahi NZ Transport Agency,rural,1,6,-37.70446,175.25187
{a1f29b15-21d0-4751-993f-456e944f8f1b},Waka Kotahi NZ Transport Agency,,1,6,-40.97095,174.98359
{43d2ff81-9604-4a55-bfe2-6764bf410472},Waka Kotahi NZ Transport Agency,,1,6,-43.56447,172.53944
{b97fea90-912b-4c49-beb7-b95c25bf8739},Waka Kotahi NZ Transport Agency,rural,1,6,-40.90728,175.01957
{ec724a36-c247-4de8-bf13-ee6e3e1400e2},Waka Kotahi NZ Transport Agency,,1,6,-37.68854,175.22063
{5b4d0611-edc4-46bd-940f-db19798c9ae8},Waka Kotahi NZ Transport Agency,,1,6,-40.84706,175.08373
{6868d84b-7fb3-402d-9493-129d1a7067c4},Waka Kotahi NZ Transport Agency,,1,6,-41.21877,174.81080
{da8b7ad4-f449-4e93-add9-53e75bf07ef8},Waka Kotahi NZ Transport Agency,,1,6,-37.80042,176.39799
{63a953b9-754a-4a49-8e53-5622ab645c91},Waka Kotahi NZ Transport Agency,,1,6,-37.81874,175.34482
{c19abdab-8136-46cd-bded-4c82aa9f18be},Waka Kotahi NZ Transport Agency,,1,6,-37.33872,175.06279
{f351d9b5-767f-4688-95d6-721264eab0d8},Waka Kotahi NZ Transport Agency,,1,6,-36.38845,174.64320
{a6fe991b-eeb1-4f86-be5e-d9f03f5dcc4f},Waka Kotahi NZ Transport Agency,,1,6,-40.98104,174.97343
{da98e27d-1334-4617-97d1-45f04b63eafe},Waka Kotahi NZ Transport Agency,,1,6,-37.33933,175.06348
{4d9955e4-75fd-40a3-a6d3-d27190580f23},Waka Kotahi NZ Transport Agency,,1,6,-40.96841,174.98450
{74bf3dd0-84f6-4cda-b0b7-cf86c66cc56b},Waka Kotahi NZ Transport Agency,,1,6,-37.70448,175.20851
{b458a145-8353-4a5e-b84b-41dd2f80b224},Waka Kotahi NZ Transport Agency,,1,6,-43.48578,172.63063
{d66a44b5-1835-45be-b6a5-31e265f16e29},Waka Kotahi NZ Transport Agency,,1,6,-37.71166,175.20736
{15c5be81-9af5-4021-86d0-c1ff0bba173a},Waka Kotahi NZ Transport Agency,,1,6,-37.35675,175.08455
{665dc4b2-0188-4475-ad67-8e213e335b96},Waka Kotahi NZ Transport Agency,,1,6,-36.38845,174.64233
{ab2bba64-3b9d-4ed9-a0d4-c73bd6a65873},Waka Kotahi NZ Transport Agency,,1,6,-41.29822,173.24427
{88f0cbaa-be6e-4dde-b3bc-d73f507185fa},Waka Kotahi NZ Transport Agency,,1,6,-40.41271,175.47965
{1028b655-c2e0-4097-a8f2-8c312486bc8e},Waka Kotahi NZ Transport Agency,,1,6,-41.24229,174.81195
{60ec0c51-b039-43b8-b267-6a1ec4c86219},Waka Kotahi NZ Transport Agency,,1,6,-38.70460,176.11170
{c1ca8d48-8f48-4ab5-ada9-71d3adbc6c4f},Waka Kotahi NZ Transport Agency,,1,6,-41.15223,174.84452
{6274a6e7-e207-4131-91ff-9768b43b8c92},Waka Kotahi NZ Transport Agency,,1,6,-37.81147,175.28209
{553f7b5b-f9bf-4060-a62a-a74b482096ed},Waka Kotahi NZ Transport Agency,,1,6,-39.56302,176.85220
{152619bc-c9c4-42f4-ac13-8769a89ae67a},Waka Kotahi NZ Transport Agency,,1,6,-43.56136,172.45836
{32ded0e7-f1a5-4a84-b599-c3ea8f147b94},Waka Kotahi NZ Transport Agency,rural,1,6,-37.21464,175.00034
{9a6e807c-33bd-4788-bcac-06b2aa2443db},Waka Kotahi NZ Transport Agency,,1,6,-35.71018,174.31347
{04fc8ad9-e7e4-4408-96de-14c27ad5e6a7},Waka Kotahi NZ Transport Agency,rural,1,6,-35.78672,174.30563
{9317c883-f300-42cd-b602-0bc5b14d0bc6},Waka Kotahi NZ Transport Agency,,1,6,-37.10722,174.94733
{05bec16f-55a3-480f-a9ae-97d689f33cba},Waka Kotahi NZ Transport Agency,,1,6,-41.11055,174.92220
{c848e38f-c14e-458c-be08-dfe68bb9e4e6},Waka Kotahi NZ Transport Agency,,1,6,-38.68255,176.11484
{c7ca2514-ff4c-4131-88e8-405c346eb3d9},Waka Kotahi NZ Transport Agency,,1,6,-37.71130,175.20710
{44c7357d-c1b8-42a5-a28f-57b0a244f841},Waka Kotahi NZ Transport Agency,,1,6,-37.72874,175.20850
{ecb8cfe3-e828-4ceb-bedf-90be6f89df41},Waka Kotahi NZ Transport Agency,,1,6,-37.81994,175.28249
{13902495-9554-4ade-8cc6-5f24753c3b29},Waka Kotahi NZ Transport Agency,rural,1,6,-37.14375,174.96933
{1a63619f-5a36-4d7e-a154-2ec29a45677b},Waka Kotahi NZ Transport Agency,,1,6,-37.73639,175.21117
{2e999a9a-bfb3-4ead-8ec9-8ab52cc367fa},Waka Kotahi NZ Transport Agency,,1,6,-38.67922,176.11645
{ea8fae2d-d531-498e-80e5-0bddb5808a9f},Waka Kotahi NZ Transport Agency,,1,6,-43.58187,172.40998
{413b309f-79e8-435a-b1ee-4073fb2cfcad},Waka Kotahi NZ Transport Agency,,1,6,-37.77751,175.33467
{e0378012-4367-4d09-a2ab-853070143c99},Waka Kotahi NZ Transport Agency,,1,6,-37.78150,175.33489
{92b24b64-7104-44e9-bbad-e587b2b6afe4},Waka Kotahi NZ Transport Agency,rural,1,6,-37.25929,175.03994
{cbd7969e-69a0-4008-b076-8fd20e779e1c},Waka Kotahi NZ Transport Agency,rural,1,6,-38.20266,175.86990
{205f26b6-d778-4916-b08f-ed6ad20813f8},Waka Kotahi NZ Transport Agency,,1,6,-43.48340,172.55465
{7a525b44-79d8-40c9-b5ea-1b1f8c3df9b0},Waka Kotahi NZ Transport Agency,,1,6,-45.00351,168.75311
{61113165-07a8-429b-bbe7-89913943fed5},Waka Kotahi NZ Transport Agency,,1,6,-36.88878,174.79651
{498c070a-8cdf-4838-893d-c9069e1c3211},Waka Kotahi NZ Transport Agency,rural,1,6,-37.76861,176.11605
{0398a65a-7f07-4b19-a91b-47c4c611b76d},Waka Kotahi NZ Transport Agency,,1,6,-37.68779,175.22003
{f99de7e8-e98f-4772-912b-ba411a8c2d51},Waka Kotahi NZ Transport Agency,,1,6,-37.89639,175.50713
{b23610d3-d040-4f96-8787-33123149df54},Waka Kotahi NZ Transport Agency,rural,1,6,-37.21728,175.00030
{38dce93c-5402-4721-97b0-f435177da7a0},Waka Kotahi NZ Transport Agency,,1,6,-41.29248,174.77177
{87433053-261b-46a8-bad3-4177d65cf6ed},Waka Kotahi NZ Transport Agency,,1,6,-43.49337,172.70158
{7759ceba-1b44-42fc-b117-0b2d6be65e30},Waka Kotahi NZ Transport Agency,,1,6,-38.62356,176.09942
{926612c9-14c2-4709-baef-b615c864fc8f},Waka Kotahi NZ Transport Agency,,1,6,-41.23211,174.80950
{3fe23cec-2877-4f66-83d5-2102d9793999},Waka Kotahi NZ Transport Agency,rural,1,6,-36.87452,174.77968
{c5b5075d-8da1-4992-9bbe-94c02dac7ce6},Waka Kotahi NZ Transport Agency,,1,6,-37.86867,175.46431
{329fb80e-dc47-4b00-90ee-89e20877e903},Waka Kotahi NZ Transport Agency,,1,6,-43.58316,172.40326
{d7d7a02b-0571-4555-aec0-a2e6d07e300a},Waka Kotahi NZ Transport Agency,,1,6,-43.48166,172.62989
{7bc90d21-6aa9-4bea-be97-6f4e3984b8ad},Waka Kotahi NZ Transport Agency,,1,6,-44.99998,168.77329
{84bb3b3d-e1a1-478d-8e7f-b2ba23304e7d},Waka Kotahi NZ Transport Agency,,1,6,-46.41311,168.34754
{0de96b5a-eea4-4c37-a2e3-cbcc79d18e79},Waka Kotahi NZ Transport Agency,rural,1,6,-36.80995,174.61955
{97253992-90ef-4b71-a44f-260d8c271ae5},Waka Kotahi NZ Transport Agency,,1,6,-37.62194,175.20683
{2c7b5185-5f4b-4268-829d-e80de9bdd09e},Waka Kotahi NZ Transport Agency,,1,6,-45.89772,170.46140
{c1d11882-2542-4976-ab0f-1584ff31367e},Waka Kotahi NZ Transport Agency,,1,6,-38.16529,176.24644
{dbdd42f1-9fb9-456e-a923-1ab2d1ea52a9},Waka Kotahi NZ Transport Agency,,1,6,-43.45448,172.64548
{e45f80c5-11a4-47af-a9c7-acd8d2adf5ee},Waka Kotahi NZ Transport Agency,,1,6,-43.49677,172.54768
{f95f2bea-b7c2-45ea-a2ef-bbdc0f286c2c},Waka Kotahi NZ Transport Agency,,1,6,-37.80312,175.31335
{41c668d7-fb84-4c34-981b-cf050db83172},Waka Kotahi NZ Transport Agency,,1,6,-37.66567,176.20303
{dc6a73e1-5195-4f9a-a6dc-aacc52390224},Waka Kotahi NZ Transport Agency,,1,6,-37.82777,175.35783
{53f1695c-e906-4860-b983-687c66ece1bf},Waka Kotahi NZ Transport Agency,,1,6,-37.86258,175.40044
{a760b762-24d5-4076-8cfe-50d161ebb34e},Waka Kotahi NZ Transport Agency,,1,6,-39.05142,174.10377
{8b79b5a6-f52e-49a5-a306-e138ef66edee},Waka Kotahi NZ Transport Agency,,1,6,-40.77756,175.14184
{d8d41cf7-57ef-4392-909b-bf5ba1329159},Waka Kotahi NZ Transport Agency,,1,6,-41.23173,174.80951
{acf1ca49-d9bd-4dba-a707-35ae28879cbc},Waka Kotahi NZ Transport Agency,,1,6,-36.58710,174.66343
{ebc34850-477b-4112-80cf-02db2debaa75},Waka Kotahi NZ Transport Agency,rural,1,6,-42.34986,171.54001
{50cef6f1-7aa3-4d11-a8d7-8b250a53dea0},Waka Kotahi NZ Transport Agency,,1,6,-36.79717,174.59733
{fc09508e-8c6c-42e7-b752-baaf53acc586},Waka Kotahi NZ Transport Agency,rural,1,6,-37.69588,176.10667
{81b1158a-e12d-4e08-9262-4b1074162ff7},Waka Kotahi NZ Transport Agency,,1,6,-41.13488,174.84463
{6af5d4d6-4962-457f-9446-018a2c49d794},Waka Kotahi NZ Transport Agency,,1,6,-43.48579,172.62854
{3d1d2a5c-1a6a-49c3-b780-e1b115e8983d},Waka Kotahi NZ Transport Agency,,1,6,-37.86431,175.40187
{8bed520d-cd2f-409c-8b94-9541cb9090eb},Waka Kotahi NZ Transport Agency,,1,6,-43.45745,172.64218
{13011538-d778-4bd8-95df-268d22624f6d},Waka Kotahi NZ Transport Agency,,1,6,-43.38915,172.63993
{cb33d7c8-4ea2-492e-a301-570db3937d6a},Waka Kotahi NZ Transport Agency,,1,6,-41.15608,174.97844
{77693d91-03e9-40ab-a937-9d9f28adba4b},Waka Kotahi NZ Transport Agency,rural,1,6,-36.85572,174.65160
{094e866e-e8f7-41d5-9207-31534576b3ca},Waka Kotahi NZ Transport Agency,,1,6,-43.54791,172.60593
{d86a3566-c008-44a3-9835-21cccbb3993a},Waka Kotahi NZ Transport Agency,,1,6,-45.08751,170.97609
{4356f963-db7c-4373-9f52-0a00b5b7d9bf},Waka Kotahi NZ Transport Agency,rural,1,6,-36.52064,174.67257
{6b892577-f769-4b55-afa7-156c6e497ebf},Waka Kotahi NZ Transport Agency,,1,6,-43.48968,172.65433
{efaae2b2-2a79-4846-98f6-a92bd47e58e6},Waka Kotahi NZ Transport Agency,,1,6,-46.44654,168.35879
{f19cac04-2d9e-44f3-a5f7-3213b68decef},Waka Kotahi NZ Transport Agency,,1,6,-37.41336,175.12484
{a96af8a3-64e1-45ef-9aea-00e374c8f26d},Waka Kotahi NZ Transport Agency,rural,1,6,-37.48977,175.15955
{ab20c259-5e2a-463f-b457-fa10757e8f9c},Waka Kotahi NZ Transport Agency,,1,6,-36.78739,174.57720
{4b2b3c28-df7e-46ba-a9bb-58672180a075},Waka Kotahi NZ Transport Agency,,1,6,-43.57337,172.43016
{c8240f53-3cdc-490b-8f20-183d6f609f39},Waka Kotahi NZ Transport Agency,,1,6,-37.86853,175.45223
{df9b5160-bcf2-4f73-a5ae-86474298add4},Waka Kotahi NZ Transport Agency,,1,6,-41.11215,174.91722
{6853c988-169e-4ab9-bdff-b0efbb01a35a},Waka Kotahi NZ Transport Agency,,1,6,-37.62630,175.20608
{6d8a8db5-3785-4555-b685-ad17e3ff1126},Waka Kotahi NZ Transport Agency,,1,6,-37.07471,174.92972
{c698fea0-576f-460b-90fa-ccc2b333978d},Waka Kotahi NZ Transport Agency,rural,1,6,-43.40795,172.64534
{d05274d8-ddad-492c-9d81-afcf0ea79481},Waka Kotahi NZ Transport Agency,,1,6,-37.10793,174.94565
{14ec3100-085e-412d-8409-b8ceeaba7c14},Waka Kotahi NZ Transport Agency,,1,6,-37.82588,175.35464
{7c505943-122a-4ffd-b553-0112b705e699},Waka Kotahi NZ Transport Agency,rural,1,6,-36.93946,174.85443
{c5aba976-a55a-41c7-b800-f5bc3bc60bc6},Waka Kotahi NZ Transport Agency,,1,6,-37.69167,175.21386
{f3419087-b3a4-41aa-b232-d2cded9232a7},Waka Kotahi NZ Transport Agency,,1,6,-38.15023,176.26598
{aa05d5a6-3e08-4805-a54d-41ce6fbfcd2a},Waka Kotahi NZ Transport Agency,rural,1,6,-37.70609,175.25119
{7069fc0b-98f2-494c-a153-f79242104785},Waka Kotahi NZ Transport Agency,,1,6,-41.11666,174.91525
{66cf36d9-44dd-40d6-9d1b-79a182a1da31},Waka Kotahi NZ Transport Agency,,1,6,-39.51061,176.87641
{6c1ca285-3123-4a8a-a463-c27a3dc330c3},Waka Kotahi NZ Transport Agency,,1,6,-37.65921,175.52924
{ad0f37bf-0b79-4540-b18a-a91f360a1c01},Waka Kotahi NZ Transport Agency,rural,1,6,-36.99535,174.87425
{cd96e137-c0a5-4953-9f54-187207eacfe0},Waka Kotahi NZ Transport Agency,,1,6,-41.11209,174.91747
{e2c06636-9ef3-4994-8fb7-2f00cf6107f8},Waka Kotahi NZ Transport Agency,,1,6,-37.70235,175.24829
{9d630d59-be99-445b-84fe-bafd40f48a1a},Waka Kotahi NZ Transport Agency,,1,6,-36.79739,174.59712
{37ade98f-b3ba-4210-859b-4222b15c6248},Waka Kotahi NZ Transport Agency,rural,1,6,-36.87208,174.77425
{60746fe4-810b-403b-a406-b315ccfeb059},Waka Kotahi NZ Transport Agency,,1,6,-38.68624,176.11398
{d3a90606-ecfe-4e80-b959-29e95fe4779d},Waka Kotahi NZ Transport Agency,,1,6,-43.56540,172.53448
{5659e7b2-89d9-4f43-9be1-badd9a740a9a},Waka Kotahi NZ Transport Agency,rural,1,6,-36.79058,174.65446
{2a2aea18-a73e-4e69-be31-ce3adde98436},Waka Kotahi NZ Transport Agency,,1,6,-40.83738,175.08872
{93c1bd90-e96f-4faf-ba87-7d5bc80a7aad},Waka Kotahi NZ Transport Agency,,1,6,-38.13532,176.23482
{e51b918c-e548-4dc7-a60f-ee44b254f2f6},Waka Kotahi NZ Transport Agency,,1,6,-40.91105,174.99618
{c2696061-d0e5-49a4-9d9d-668e688d5200},Waka Kotahi NZ Transport Agency,,1,6,-38.73878,176.07308
{a0cb0a00-2158-4c90-a79d-4616e5ebdbe7},Waka Kotahi NZ Transport Agency,,1,6,-41.12769,174.84561
{1a45d822-0c43-4e41-a222-b2adc3fc2f87},Waka Kotahi NZ Transport Agency,,1,6,-41.11236,174.91773
{cea8bb79-8b4b-4012-af57-e55568388f24},Waka Kotahi NZ Transport Agency,,1,6,-37.28155,175.04865
{1f11ea7a-bff2-456d-b72d-ab5f8c388753},Waka Kotahi NZ Transport Agency,rural,1,6,-37.14331,174.97011
{9fcdf163-051c-4684-b096-5cb9c73f2fcf},Waka Kotahi NZ Transport Agency,,1,6,-37.19693,174.98668
{07c7798d-6b99-40cc-b8af-9db6cf0e6ac0},Waka Kotahi NZ Transport Agency,,1,6,-37.75071,175.30935
{06596238-32e4-4144-85f6-a633bc076297},Waka Kotahi NZ Transport Agency,rural,1,6,-36.79989,174.63640
{84fcbb0a-73c6-4a68-945d-80d11079e257},Waka Kotahi NZ Transport Agency,,1,6,-36.80037,174.76207
{e7172dc1-c9c9-4429-b6a8-7a91cb8fd0bc},Waka Kotahi NZ Transport Agency,,1,6,-37.62476,175.20569
{173549c4-a56d-4371-ac23-59bf4d41cf22},Waka Kotahi NZ Transport Agency,,1,6,-41.12860,174.90371
{276658f4-a3bf-441a-8510-f393238bb15a},Waka Kotahi NZ Transport Agency,,1,6,-41.18946,174.83108
{12607ca5-2e91-4ab7-bccf-91dd852184ae},Waka Kotahi NZ Transport Agency,,1,6,-41.08668,174.86837
{96bca0c3-5a3c-4bb9-8a64-b44d44596af5},Waka Kotahi NZ Transport Agency,,1,6,-41.21441,174.88608
{aba9fb20-63a8-48e7-abb6-049b3384b93d},Waka Kotahi NZ Transport Agency,,1,6,-37.65933,175.52901
{7c992312-d94e-4967-aaf4-d1925f474ec1},Waka Kotahi NZ Transport Agency,,1,6,-40.87171,175.03095
{d469c067-eed7-4ef0-a13a-16f68f70c2ef},Waka Kotahi NZ Transport Agency,rural,1,6,-37.22985,175.15980
{d1433220-5cb1-4f23-a13f-a3b382ab9fd6},Waka Kotahi NZ Transport Agency,rural,1,6,-37.70296,176.14577
{e9e5c5e0-fa13-4bed-a757-136d21161392},Waka Kotahi NZ Transport Agency,,1,6,-41.18305,174.83063
{c0b28c01-9f3a-4d08-bf65-eab2e7d60305},Waka Kotahi NZ Transport Agency,,1,6,-40.75427,175.16251
{39791d2a-bb54-4cbf-ae1f-a9de72631404},Waka Kotahi NZ Transport Agency,,1,6,-37.83018,175.35926
{831f2d6f-ebc5-4891-9885-7d3a185cdd26},Waka Kotahi NZ Transport Agency,,1,6,-36.84998,174.75413
{d749fd33-a000-49e4-9342-f438fa21f2e3},Waka Kotahi NZ Transport Agency,,1,6,-39.49622,176.87440
{980179bd-5ba3-4ab5-a920-1c472ffee699},Waka Kotahi NZ Transport Agency,,1,6,-45.88888,170.49957
{04aa49fe-7d6c-44d3-be79-e244853f6db0},Waka Kotahi NZ Transport Agency,,1,6,-40.21754,175.58311
{bb692446-d7f8-4491-969b-cbf0dd60c5da},Waka Kotahi NZ Transport Agency,,1,6,-39.30835,176.72115
{5af8862a-80e5-4253-85fd-419c4206920c},Waka Kotahi NZ Transport Agency,,1,6,-45.03921,169.22320
{4bee3690-ce36-436f-906b-3aea8b5936d6},Waka Kotahi NZ Transport Agency,rural,1,6,-43.56551,172.50205
{c86ac1ca-045f-40aa-b5cc-b8fe5b7aafd2},Waka Kotahi NZ Transport Agency,rural,1,6,-37.94309,175.66291
{7ebe9a68-1f50-4903-9bc0-fefbc5668fce},Waka Kotahi NZ Transport Agency,,1,6,-40.30963,175.76372
{b6e96670-4e39-42f2-811e-24a7bd63813a},Waka Kotahi NZ Transport Agency,,1,6,-40.97343,174.98084
{b717510e-9703-40f2-917d-38ca14f19947},Waka Kotahi NZ Transport Agency,,1,6,-37.66572,176.20302
{f1fcaefd-b26f-496a-be84-fd22b3db44dd},Waka Kotahi NZ Transport Agency,,1,6,-41.31692,174.80317
{c285c392-bbb6-4b13-8575-db6ad1848976},Waka Kotahi NZ Transport Agency,,1,6,-41.24904,174.81151
{713e6f5e-6c0a-4ded-9d79-052daca3e057},Waka Kotahi NZ Transport Agency,,1,6,-43.55054,172.57388
{3a0d6eb7-e47f-4437-9776-85c18cccffb1},Waka Kotahi NZ Transport Agency,,1,6,-36.38829,174.64251
{4481d404-b781-4a28-bd43-25c8890d0b7f},Waka Kotahi NZ Transport Agency,,1,6,-43.54752,172.61446
{af3f93d5-f57f-42f9-a0bf-92703e27dc7e},Waka Kotahi NZ Transport Agency,,1,6,-38.65257,177.91584
{68deec37-c776-46e8-ac68-e71f32176387},Waka Kotahi NZ Transport Agency,,1,6,-37.43031,175.13091
{08c21c00-aa80-489f-a5d8-a64fb5e395df},Waka Kotahi NZ Transport Agency,,1,6,-45.89195,170.35989
{8a3236de-0cac-4339-8460-4ed8f50b5f20},Waka Kotahi NZ Transport Agency,,1,6,-41.20750,174.81716
{bd958b2b-c64c-4065-9621-effeb3f7ed39},Waka Kotahi NZ Transport Agency,,1,6,-40.98303,174.97023
{d303ef7e-588a-4fff-8dd2-92d60c988851},Waka Kotahi NZ Transport Agency,,1,6,-41.15998,174.97079
{44b49699-038a-413d-815e-9c125323cd73},Waka Kotahi NZ Transport Agency,,1,6,-45.90238,170.39945
{a67030d2-b2f5-44c5-a926-058511dbbd3e},Waka Kotahi NZ Transport Agency,,1,6,-37.81670,175.34323
{80bb606a-788b-4c47-baaf-3f3a36ddd733},Waka Kotahi NZ Transport Agency,rural,1,6,-43.56559,172.50197
{3898e70d-42a7-48d1-b2d7-d26ac470628e},Waka Kotahi NZ Transport Agency,,1,6,-37.87124,175.87951
{4492fe38-09f5-4d4c-8996-ca57e554329c},Waka Kotahi NZ Transport Agency,,1,6,-43.47896,172.55599
{f5c79c93-f427-4a12-82ac-91cba522f166},Waka Kotahi NZ Transport Agency,,1,6,-38.68248,176.11494
{38bbca74-236b-40d3-b3bf-a14be169af33},Waka Kotahi NZ Transport Agency,,1,6,-38.16484,176.24632
{773331b2-e26b-4420-82fe-89b757b36023},Waka Kotahi NZ Transport Agency,,1,6,-41.21750,174.87958
{9799f133-f059-42c4-a78f-aea4ea368067},Waka Kotahi NZ Transport Agency,,1,6,-45.88908,170.49877
{52a1e584-1a54-48e1-ab9f-85cec64cbdf5},Waka Kotahi NZ Transport Agency,rural,1,6,-43.38613,172.64053
{1e2aefcb-d57a-4e87-bc05-21c9696bb8a0},Waka Kotahi NZ Transport Agency,,1,6,-37.41331,175.12705
{33c49182-4815-4e7f-a063-e0d398a20814},Waka Kotahi NZ Transport Agency,,1,6,-37.30718,175.06658
{390eb6df-cbaf-4f9d-8fa9-cefdfdfd7ecf},Waka Kotahi NZ Transport Agency,,1,6,-39.56366,176.85200
{c1918b1a-8359-433b-a37b-1708d6b6a168},Waka Kotahi NZ Transport Agency,,1,6,-41.15196,174.84473
{6e347e3f-0f4b-4ce0-a66e-43486a1a3ebb},Waka Kotahi NZ Transport Agency,,1,6,-37.69813,176.15233
{c3c1e5d4-deed-452c-a7b8-510e12086356},Waka Kotahi NZ Transport Agency,,1,6,-41.22847,174.80851
{b38dd99c-648b-42ef-bb09-28f9a56df056},Waka Kotahi NZ Transport Agency,rural,1,6,-45.90097,170.37811
{64f65429-0e28-4462-824b-f1ef4cefab17},Waka Kotahi NZ Transport Agency,,1,6,-39.56370,176.85228
{478f6185-352f-463f-b1ee-368b0b94af94},Waka Kotahi NZ Transport Agency,,1,6,-43.58923,172.38330
{d970be0d-43dc-4f99-8ed1-f61aa6d0d634},Waka Kotahi NZ Transport Agency,,1,6,-41.20216,174.82268
{30138fbb-eb1f-47bd-aa8e-f830f46f0c0c},Waka Kotahi NZ Transport Agency,rural,1,6,-37.73203,176.10811
{4baabcc6-3214-4572-92e6-32501254d699},Waka Kotahi NZ Transport Agency,,1,6,-39.56306,176.85245
{25bd8b7d-1778-46dc-99b4-afa47a3f24da},Waka Kotahi NZ Transport Agency,,1,6,-43.37082,172.64825
{9268021a-6c9f-4bf2-b54a-c87285acad74},Waka Kotahi NZ Transport Agency,,1,6,-39.53901,176.86136
{7307a481-e295-4c8d-8290-9c91fa63aecc},Waka Kotahi NZ Transport Agency,,1,6,-37.24825,175.02656
{f6c73b04-1956-4a1c-9e8e-bf57e2d1b1bf},Waka Kotahi NZ Transport Agency,,1,6,-40.96955,175.60233
{a2bbd88d-5481-4ec5-9fb6-f66ca9490db0},Waka Kotahi NZ Transport Agency,,1,6,-37.81291,175.34053
{05f3858b-fbb2-4c47-a209-2bcf5b87ea78},Waka Kotahi NZ Transport Agency,rural,1,6,-41.13230,174.90102
{b2f93208-9d6a-4808-896b-37148446fc2b},Waka Kotahi NZ Transport Agency,,1,6,-43.41074,172.64526
{aee70566-bce7-4a5b-a9a5-be4f666dfceb},Waka Kotahi NZ Transport Agency,,1,6,-41.11609,174.91542
{f4dd8fd3-8a84-4df6-b1e3-1db920bb9eb0},Waka Kotahi NZ Transport Agency,,1,5,-39.53568,176.86178
{fbd3e120-dedb-4239-b789-375ee3fb83fb},Waka Kotahi NZ Transport Agency,,1,5,-43.56118,172.45819
{09ce6ca3-303b-47fb-8379-fd7947bf050f},Waka Kotahi NZ Transport Agency,,1,5,-37.87721,175.32351
{e79d153f-1d51-4edd-afc9-6ae22ad13b20},Waka Kotahi NZ Transport Agency,,1,5,-41.15404,174.84114
{d0703a84-d21e-4335-8780-bffec1b7ab33},Waka Kotahi NZ Transport Agency,,1,5,-42.59013,172.77717
{b4f736a6-df61-4cdc-9be7-a67cf8d66f29},Waka Kotahi NZ Transport Agency,rural,1,5,-37.75200,176.10319
{641f6fcf-1557-4b28-a3f0-fa6c8e08fb69},Waka Kotahi NZ Transport Agency,,1,5,-39.47438,176.87724
{e3c788a7-9c46-4f24-95e7-963ecca81f17},Waka Kotahi NZ Transport Agency,,1,5,-37.21673,175.09557
{cf716d21-1177-4271-b152-44e61a06a782},Waka Kotahi NZ Transport Agency,,1,5,-39.51078,176.87616
{d376d194-2b4b-49e7-a173-fa681939ceb0},Waka Kotahi NZ Transport Agency,rural,1,5,-40.98174,174.97004
{1a280010-e7f5-4812-b14f-85ed60003a53},Waka Kotahi NZ Transport Agency,rural,1,5,-37.68800,175.21285
{d0e10b02-8bbb-4e0c-9abb-ac731d0140ca},Waka Kotahi NZ Transport Agency,,1,5,-45.90194,170.44562
{3eb2d0fa-5dc6-41c4-9375-6386f740df10},Waka Kotahi NZ Transport Agency,,1,5,-43.50149,172.54515
{088b7dd0-3e7b-441c-8924-d427a6c4ba6d},Waka Kotahi NZ Transport Agency,,1,5,-37.77790,175.33340
{a25991ed-5024-4b98-9273-c42c3aae4905},Waka Kotahi NZ Transport Agency,,1,5,-45.89638,170.36432
{5b0bf386-ebc2-4041-905f-77708d071c55},Waka Kotahi NZ Transport Agency,,1,5,-40.41076,175.48240
{62a58fc2-da63-401a-8e40-28ce673a0077},Waka Kotahi NZ Transport Agency,,1,5,-43.48719,172.63234
{988a4840-8588-4e9d-9368-158e14505026},Waka Kotahi NZ Transport Agency,,1,5,-41.07804,174.87300
{ca572db3-4b44-4eb7-bc06-380a4cd83328},Waka Kotahi NZ Transport Agency,,1,5,-43.37128,172.64812
{44a00d56-5d1e-4a62-b59c-ae9510d1a253},Waka Kotahi NZ Transport Agency,,1,5,-43.52585,172.55221
{88e63660-4d57-474d-bdf0-9641e8d09a57},Waka Kotahi NZ Transport Agency,,1,5,-40.45603,175.83806
{78b6a1b1-b425-4829-a170-598f683ee952},Waka Kotahi NZ Transport Agency,rural,1,5,-37.19233,174.98290
{2c85919b-3753-43b9-9e13-bde6b51cc422},Waka Kotahi NZ Transport Agency,rural,1,5,-37.69749,176.12671
{698bfaea-047d-4a0c-8a67-4e14b12c47e3},Waka Kotahi NZ Transport Agency,,1,5,-41.10178,174.87004
{67685ffe-8f71-43bc-b42e-ff436ee630c6},Waka Kotahi NZ Transport Agency,rural,1,5,-37.70234,176.14568
{4de8ae24-3c57-4b2c-afcb-8594653c8987},Waka Kotahi NZ Transport Agency,,1,5,-38.13687,176.23526
{b3bc0864-b7e2-437e-a338-7907d6743b12},Waka Kotahi NZ Transport Agency,,1,5,-46.08129,168.99624
{fbc1610b-fb9d-42eb-8c8d-edadfb0fbcfb},Waka Kotahi NZ Transport Agency,,1,5,-41.29246,174.77170
{fbb702cf-05bb-40e4-8cd0-986c619b10aa},Waka Kotahi NZ Transport Agency,,1,5,-37.87703,175.32405
{8f8d3faa-e3bd-4daf-9e0a-901ef453f1b2},Waka Kotahi NZ Transport Agency,rural,1,5,-37.76865,176.11590
{81d45f55-7466-43dc-8d42-764b63a2a385},Waka Kotahi NZ Transport Agency,,1,5,-39.69148,176.79321
{be4162b1-9ed2-4b18-b9dd-d2775ede3282},Waka Kotahi NZ Transport Agency,rural,1,5,-37.70229,176.14568
{6d247861-e2c5-4956-ae16-a3e3e3af3694},Waka Kotahi NZ Transport Agency,rural,1,5,-37.74024,176.10680
{16b2024b-ae4a-45a8-8b38-c935ec5b12dd},Waka Kotahi NZ Transport Agency,,1,5,-40.77961,175.14032
{8d7d4bc6-f344-4725-b61f-7c067d4d794b},Waka Kotahi NZ Transport Agency,,1,5,-36.83518,174.74246
{ef670053-f5b3-4d20-bc60-4ce4bb99dec5},Waka Kotahi NZ Transport Agency,,1,5,-37.82859,175.35738
{9a908436-dd57-4e24-a0ca-ca94404a8c04},Waka Kotahi NZ Transport Agency,,1,5,-45.90168,170.44530
{b96efe79-1d0e-4263-9637-ee8d207ceefa},Waka Kotahi NZ Transport Agency,rural,1,5,-40.41264,175.47826
{104e1038-cbab-4ff9-bafe-39919a9d874e},Waka Kotahi NZ Transport Agency,,1,5,-43.43143,172.64219
{4bba1e0b-2749-42e6-9405-593c71b8d2d4},Waka Kotahi NZ Transport Agency,rural,1,5,-41.13209,174.89950
{c7f92594-e583-4839-b699-4d388dfc2982},Waka Kotahi NZ Transport Agency,,1,5,-41.31707,174.80874
{c5655d5f-69ab-4eb1-8298-6e1e5320f545},Waka Kotahi NZ Transport Agency,,1,5,-42.45047,171.21071
{bf460329-faa2-4029-a750-c8e205fd1722},Waka Kotahi NZ Transport Agency,,1,5,-45.90311,170.41816
{64f1439a-952f-470d-97fe-d451f6b07e3b},Waka Kotahi NZ Transport Agency,,1,5,-38.66536,176.10136
{906e2892-11b6-4879-88b4-6c48a521fa5a},Waka Kotahi NZ Transport Agency,rural,1,5,-36.99527,174.87419
{3b609d7e-8485-4972-8025-f9b19c1cde50},Waka Kotahi NZ Transport Agency,,1,5,-37.82688,175.29711
{8d6a8906-9b43-4bb5-8b66-6de423b32780},Waka Kotahi NZ Transport Agency,,1,5,-43.56976,172.69307
{f4b16cd9-6fd1-444f-9645-959984712296},Waka Kotahi NZ Transport Agency,,1,5,-41.24920,174.81172
{e0f7a44a-ab6d-41b8-ab52-6f08417e3951},Waka Kotahi NZ Transport Agency,,1,5,-43.45260,172.60632
{6027774d-5503-49ce-b433-309a28f3ba60},Waka Kotahi NZ Transport Agency,,1,5,-41.14979,174.84852
{6c858cda-c653-4487-b922-ce09534c04a9},Waka Kotahi NZ Transport Agency,,1,5,-41.24900,174.81148
{87712aa5-8d29-4e7a-9db1-b791e69f0b7e},Waka Kotahi NZ Transport Agency,,1,5,-37.85087,175.83957
{74baa4a8-3517-48e6-9e6a-0e7471c91f6d},Waka Kotahi NZ Transport Agency,,1,5,-41.12284,174.85108
{359643db-0819-49e2-9673-6465718e3825},Waka Kotahi NZ Transport Agency,rural,1,5,-41.15216,174.84438
{d0dc6a23-f190-4ed2-a6f0-314d936dbe28},Waka Kotahi NZ Transport Agency,,1,5,-43.46689,172.57933
{a8bb0412-7f1e-4d1e-80a7-fcbc5b8c55e2},Waka Kotahi NZ Transport Agency,rural,1,5,-37.94312,175.66291
{ff52f8e3-848d-49df-a172-16e6b8538489},Waka Kotahi NZ Transport Agency,,1,5,-37.80408,175.28853
{93a25adf-4100-49a6-b62e-d670f6ca556e},Waka Kotahi NZ Transport Agency,,1,5,-39.94707,175.05299
{81bd2cdd-7d4b-47d5-9a79-59707da41e6c},Waka Kotahi NZ Transport Agency,,1,5,-41.05569,174.87598
{d7b76217-0aa6-48ec-ac70-9cba34349f89},Waka Kotahi NZ Transport Agency,,1,5,-43.56633,172.44630
{f10e4558-6b0c-471a-be02-30a43757b68d},Waka Kotahi NZ Transport Agency,,1,5,-43.46187,172.58542
{9d062134-24a1-490f-9f7a-934d05fdcf97},Waka Kotahi NZ Transport Agency,,1,5,-43.45841,172.59193
{d413aa76-8ac3-416f-b7fe-ae77af2292ec},Waka Kotahi NZ Transport Agency,,1,5,-40.74499,175.16895
{dcad18a4-85f1-4602-ac0b-7b30da7dcd32},Waka Kotahi NZ Transport Agency,,1,5,-43.54978,172.66132
{79464d8f-a0bd-439d-9aec-9c8a3791770e},Waka Kotahi NZ Transport Agency,,1,5,-43.46525,172.58144
{b9981358-61d2-4dfa-b77d-ee8d2cb61c91},Waka Kotahi NZ Transport Agency,,1,5,-37.79628,175.33294
{233cce4a-ea9f-4d68-a854-0648f9cbd2e3},Waka Kotahi NZ Transport Agency,,1,5,-45.08753,170.97616
{e12bd781-b0d7-40fa-bab0-37aff5853a67},Waka Kotahi NZ Transport Agency,,1,5,-41.28281,174.77371
{2e77ed3d-d0ee-4c45-9aff-98ff57f28e3f},Waka Kotahi NZ Transport Agency,,1,5,-37.82653,175.29670
{b08049a9-7ba2-4766-84c0-5872e3637183},Waka Kotahi NZ Transport Agency,,1,5,-43.47375,172.56101
{d62d7a38-4530-4385-bb91-b228da12f8cb},Waka Kotahi NZ Transport Agency,rural,1,5,-37.73202,176.10805
{787de8d3-2ee7-4db7-b8ec-6fd05cb5e864},Waka Kotahi NZ Transport Agency,,1,5,-41.22894,174.80908
{0bc690ad-3aac-44da-ae0f-490e9dd7d289},Waka Kotahi NZ Transport Agency,,1,5,-43.56103,172.45894
{627c2b77-cbf9-4c3f-90dc-39f2ab41c9b4},Waka Kotahi NZ Transport Agency,,1,5,-43.57607,172.42387
{508bf126-ad8a-4253-aec2-ce41cda00b97},Waka Kotahi NZ Transport Agency,,1,5,-36.76917,174.49230
{4aa62efa-645d-402a-88e3-f959cf5c63ec},Waka Kotahi NZ Transport Agency,,1,5,-37.68122,175.21333
{c202a18d-cac4-4eaf-b155-ec2ee4dfe236},Waka Kotahi NZ Transport Agency,rural,1,5,-37.69527,176.11632
{4453bcdd-03bd-426c-a5be-8c9fb5db0c9a},Waka Kotahi NZ Transport Agency,,1,5,-37.48604,175.16055
{a24b5612-8d0b-47e7-9a3e-b51f7c68c511},Waka Kotahi NZ Transport Agency,,1,5,-38.90275,174.95208
{b79f005d-402b-475f-8824-f62d0b11f2f4},Waka Kotahi NZ Transport Agency,,1,5,-37.28213,175.04979
{b3cfe03b-57d8-483c-9889-40a8ded0e9b2},Waka Kotahi NZ Transport Agency,,1,5,-43.38966,172.64016
{a3bca322-ed87-4505-abbb-5f03d467c425},Waka Kotahi NZ Transport Agency,,1,5,-43.57043,172.69155
{4a435514-4bb6-430a-9950-8a542e1ad800},Waka Kotahi NZ Transport Agency,,2,5,-39.54778,176.85855
{91f8fc4a-cc7d-4340-a037-e82fc81d1700},Waka Kotahi NZ Transport Agency,,1,5,-41.10703,174.86657
{855525f0-302a-4259-8083-2fe0746d8c45},Waka Kotahi NZ Transport Agency,,1,5,-41.15886,174.97477
{a1202f28-51bf-42d2-86b3-30cbd1d4aa87},Waka Kotahi NZ Transport Agency,,1,5,-41.08670,174.86843
{e53adf4b-8c87-4014-95c6-5f5e2d8c236f},Waka Kotahi NZ Transport Agency,rural,1,5,-41.12160,174.85325
{cf69811d-bc09-48af-9cb6-b6194b98af8b},Waka Kotahi NZ Transport Agency,rural,1,5,-37.22679,175.01181
{bbf5fc59-5ef8-4373-8319-f862322333be},Waka Kotahi NZ Transport Agency,rural,1,5,-37.74678,175.30822
{22d97727-a99a-4ac0-b44c-f9463ea768bf},Waka Kotahi NZ Transport Agency,,1,5,-41.11250,174.91727
{83d2276a-961e-40dc-b207-5c7d9d83d565},Waka Kotahi NZ Transport Agency,,1,5,-41.15783,174.97475
{cc186bb4-c8fa-4dde-914c-237216e22059},Waka Kotahi NZ Transport Agency,,1,5,-43.43199,172.64234
{4e145405-7a7b-4d9c-8c11-de68f10a2494},Waka Kotahi NZ Transport Agency,,1,5,-36.79678,174.59676
{ba75c1b6-5eb8-44d2-867b-eff871b90cf4},Waka Kotahi NZ Transport Agency,,1,5,-43.45405,172.60423
{0c844d96-d6ed-49e4-b2a6-f9f3dfebbc96},Waka Kotahi NZ Transport Agency,,1,5,-41.31211,174.79359
{80d5dcff-a6e5-478d-af85-f32029ea9133},Waka Kotahi NZ Transport Agency,,1,5,-40.90573,175.00355
{e60851d3-c6d9-4c5f-984e-c7752095efdd},Waka Kotahi NZ Transport Agency,rural,1,5,-37.74027,176.10685
{d117fee3-4ddd-4666-ab52-a474f0f8ece9},Waka Kotahi NZ Transport Agency,,1,5,-43.56245,172.52995
{9a817bae-eef3-4d8d-8df9-63a418b61a5c},Waka Kotahi NZ Transport Agency,,1,5,-45.03427,169.19252
{0298b747-08ec-4a71-ac39-30a74eb6b12b},Waka Kotahi NZ Transport Agency,,1,5,-40.90539,175.00368
{0c69a65b-9a68-4dd6-824f-049b1aa2eb22},Waka Kotahi NZ Transport Agency,rural,1,5,-41.12009,174.85526
{3d71e918-b7db-4c14-9908-b512f1b95108},Waka Kotahi NZ Transport Agency,,1,5,-41.11292,174.91896
{5a599811-5908-4ca5-8a4d-0475eaec0092},Waka Kotahi NZ Transport Agency,,1,5,-45.89616,170.46472
{28dd95cf-6e6d-49d7-b480-5080ca11c490},Waka Kotahi NZ Transport Agency,rural,1,5,-36.86248,174.75459
{d0263add-0f24-4e6e-a954-94a5195907f3},Waka Kotahi NZ Transport Agency,,1,5,-46.44702,168.35918
{425bb88d-5e66-4e0e-82d2-f6cebabd3111},Waka Kotahi NZ Transport Agency,rural,1,5,-36.77150,174.68561
{ffec80eb-685c-4d25-9ee9-158ec2e7edd7},Waka Kotahi NZ Transport Agency,,1,5,-37.77817,175.33326
{f0bfa910-faed-4341-be5a-9856af6ecb2d},Upper Hutt City Council,rural,1,5,-41.14542,174.99883
{506acbbd-ad25-44b3-8cbe-e1d81a93dbce},Waka Kotahi NZ Transport Agency,,1,5,-35.08217,173.76180
{5a103790-32bd-491f-9a16-72ef90240305},Waka Kotahi NZ Transport Agency,,1,5,-37.80045,176.39794
{cd45dd88-446e-4448-b9f5-7e7ce3d0e3a6},Waka Kotahi NZ Transport Agency,,1,5,-37.84944,175.83805
{0b44058a-9ec3-4366-9394-8fbeb4b92502},Waka Kotahi NZ Transport Agency,,1,5,-36.79693,174.59654
{d3ef0743-d94b-4105-987a-61b658be8a9a},Waka Kotahi NZ Transport Agency,rural,1,5,-37.66173,175.51758
{e2ac4ea0-656d-47b0-8ce9-4a11c2b11fb7},Waka Kotahi NZ Transport Agency,,1,5,-38.01296,175.32574
{c10a0567-7073-469d-b082-8ea1b5f00e88},Waka Kotahi NZ Transport Agency,,1,5,-41.14199,174.84429
{eafbaecd-ab1e-40a1-b934-081c9e760abf},Waka Kotahi NZ Transport Agency,,1,5,-41.11305,174.91845
{2d66ae44-9087-4e80-8332-4a37dbb57087},Waka Kotahi NZ Transport Agency,,1,5,-41.14994,174.84860
{7c3bf7c9-8198-42c4-938b-364177f56d9f},Waka Kotahi NZ Transport Agency,,1,5,-43.54761,172.61533
{43e9870c-55b4-4183-8f2b-a24dd027a215},Waka Kotahi NZ Transport Agency,,1,5,-38.00426,177.28728
{1a33951d-4761-4d56-b069-20a3a638be7e},Waka Kotahi NZ Transport Agency,,1,5,-41.21428,174.88601
{52d979f1-3766-478f-8d0c-cbbe408d3d72},Waka Kotahi NZ Transport Agency,,1,5,-41.11249,174.91762
{134e7ff9-7e23-4845-8243-7cfca1cf8b6d},Waka Kotahi NZ Transport Agency,,1,5,-37.32338,175.06623
{9e1e6c85-a226-4cc6-b945-6da2ad16ea74},Waka Kotahi NZ Transport Agency,rural,1,5,-37.75507,176.10289
{b4945f54-ff4f-4102-8981-d7420c22cdfe},Waka Kotahi NZ Transport Agency,,1,5,-43.52544,172.72075
{afa26088-499b-4ffb-bfe9-058a3e1f9857},Waka Kotahi NZ Transport Agency,,1,5,-38.62365,176.09973
{3cdb80e6-7055-450b-bc34-5b2e596e75ac},Waka Kotahi NZ Transport Agency,,1,5,-38.01279,175.32589
{e89aeafc-b80b-45fc-b78a-2bec92e1fe27},Waka Kotahi NZ Transport Agency,,1,5,-39.53494,176.86186
{1dbf26f5-9fbc-41bf-b6bb-eec7af52633f},Waka Kotahi NZ Transport Agency,rural,1,5,-37.69906,176.13218
{3cf7ac62-5705-40d9-b09b-4710aa98b6c2},Waka Kotahi NZ Transport Agency,rural,1,5,-37.19253,174.98229
{28efe9c2-dc6c-482f-adc3-f0003d532451},Waka Kotahi NZ Transport Agency,,1,5,-37.77716,175.33501
{100a44a6-a20d-45d2-9c62-09b6a8418758},Waka Kotahi NZ Transport Agency,,1,5,-41.18296,174.83024
{a0f0d605-1b5e-4157-a486-415648b0835f},Waka Kotahi NZ Transport Agency,,1,5,-45.89723,170.46175
{3d4333a3-364b-499d-bd2c-201c92f881cd},Waka Kotahi NZ Transport Agency,,1,5,-45.09783,170.97032
{bd43f7d8-d1a9-43cd-ad3a-908c7cf5a765},Waka Kotahi NZ Transport Agency,rural,1,5,-40.90908,175.01901
{8b1e9556-ff57-4e47-bb89-01998721310b},Waka Kotahi NZ Transport Agency,,1,5,-37.81292,175.34047
{0be65f11-df35-4dc3-9008-71bccb0f8d28},Waka Kotahi NZ Transport Agency,,1,5,-37.77738,175.33457
{8211fdfd-9a03-40b9-924d-ff80259ffaa0},Waka Kotahi NZ Transport Agency,,1,5,-36.82121,174.75024
{347e7615-6c79-4002-9c7f-b6164c334afe},Waka Kotahi NZ Transport Agency,,1,5,-43.48181,172.55503
{19b87739-aec3-41ae-9a88-42b052497bd9},Waka Kotahi NZ Transport Agency,,1,5,-38.73897,176.07250
{8f164754-41a8-48d9-8503-5782294d5623},Waka Kotahi NZ Transport Agency,,1,5,-37.80333,175.29971
{5598a601-6f4d-4567-a25e-a6b4ec8f1f65},Waka Kotahi NZ Transport Agency,rural,1,5,-37.70933,176.13242
{ec9268c5-6a12-49df-a4a1-0e601647ca08},Waka Kotahi NZ Transport Agency,,1,5,-43.53934,172.56839
{95932d65-64a9-4d11-867a-4e7ab509f63f},Waka Kotahi NZ Transport Agency,,2,5,-39.95128,176.58536
{a9b8d6e6-29f7-4d7d-9881-579dad28bde5},Waka Kotahi NZ Transport Agency,,1,5,-40.94353,174.99155
{a5e35ca0-c5b1-443a-89e9-41579f7bef3c},Waka Kotahi NZ Transport Agency,,1,5,-40.87224,175.03076
{71ba347c-4212-4ed4-b0b0-470b993ef1dc},Waka Kotahi NZ Transport Agency,,1,5,-39.51954,176.87828
{91bb669c-06ab-474d-bf1a-d9f9b9563fe5},Waka Kotahi NZ Transport Agency,,1,5,-45.03493,169.19916
{e9d0b2a6-39aa-4051-a705-feeb02bb7d1a},Waka Kotahi NZ Transport Agency,,1,5,-36.58769,174.66515
{206083fb-82d8-4a08-92b4-e312e4d76b07},Waka Kotahi NZ Transport Agency,,1,5,-41.05935,174.87619
{f423ef0b-def2-4efb-98c2-8a82722f78d8},Waka Kotahi NZ Transport Agency,,1,5,-41.24639,174.81352
{96ca1480-c92e-40f8-9f06-099e76bf2a74},Waka Kotahi NZ Transport Agency,,1,5,-38.10526,176.22159
{b295001b-ecc1-4d7b-988e-bd5579ecc7e1},Waka Kotahi NZ Transport Agency,,1,5,-45.03395,169.19243
{c8529148-948d-491f-a001-576c856dd12a},Waka Kotahi NZ Transport Agency,,1,5,-46.36961,168.34733
{9baf1007-dc9b-4832-9279-8bbe7b6aecd2},Waka Kotahi NZ Transport Agency,,1,5,-37.77847,175.33248
{251acd79-8d52-4ff9-ac2d-433e0619928a},Waka Kotahi NZ Transport Agency,,1,5,-38.10526,176.22164
{22181367-d0ff-4e37-8b4d-4425f6710d0a},Waka Kotahi NZ Transport Agency,,1,5,-43.45391,172.64346
{b6241a19-3881-4520-9c1d-3816705ddb28},Waka Kotahi NZ Transport Agency,,1,5,-43.49361,172.70188
{10ed41b3-c4ab-41d3-8c0c-fd0ef773e715},Waka Kotahi NZ Transport Agency,,1,5,-41.11290,174.91856
{ee924ab0-210f-4bf4-8ee4-b85d30bec10b},Waka Kotahi NZ Transport Agency,,1,5,-41.13491,174.84480
{560bf7a1-6407-4e72-b825-c18dc6b3de3b},Waka Kotahi NZ Transport Agency,,1,5,-38.21440,175.87086
{5f548b73-8a75-4ca3-81c6-dc244a5052f2},Waka Kotahi NZ Transport Agency,,1,5,-46.44664,168.35932
{49ef9576-996e-4193-84d9-2e1a162ed5a7},Waka Kotahi NZ Transport Agency,,1,5,-39.65799,176.79447
{87872dae-f701-4ad6-aa0a-295cefd9bbb6},Waka Kotahi NZ Transport Agency,,1,5,-35.72105,174.31508
{31ec6cf1-b342-4f52-b6fe-177f1befc671},Waka Kotahi NZ Transport Agency,,1,5,-38.88387,175.25517
{537f1395-a3f5-45e3-8814-77e27e66308b},Waka Kotahi NZ Transport Agency,,1,5,-46.11519,168.93379
{7e237e84-237f-4ebc-8321-101443003dba},Waka Kotahi NZ Transport Agency,,1,5,-41.07879,174.87220
{cc91e3ef-ef76-4d93-a96a-13879608edea},Waka Kotahi NZ Transport Agency,,1,5,-40.94285,174.99196
{e17c521a-048a-48ce-9c6d-6e292fe86ab9},Waka Kotahi NZ Transport Agency,,1,5,-43.56119,172.52826
{df33d057-0ca8-413d-b385-88ac33d08c28},Waka Kotahi NZ Transport Agency,,1,5,-35.30306,173.96251
{c7f736ef-e1db-4d29-ae2f-deac971cbbee},Waka Kotahi NZ Transport Agency,,1,5,-45.03426,169.19198
{48897d6f-8b18-4958-a710-dbd43ca1d91e},Waka Kotahi NZ Transport Agency,,1,5,-36.58743,174.66338
{7b6e0ed1-f164-4ea7-b219-ef01463baceb},Waka Kotahi NZ Transport Agency,,1,5,-40.96984,175.60194
{d7db0a24-ea6b-4a1a-bc02-34b6fe867564},Waka Kotahi NZ Transport Agency,,1,5,-40.75776,175.16224
{3430171d-1a0a-40e1-b1ab-8f465b0c346b},Waka Kotahi NZ Transport Agency,,1,5,-37.80337,175.29973
{12282ab2-d6c3-4449-8def-f1a5dcc26319},Waka Kotahi NZ Transport Agency,rural,1,5,-40.90907,175.01906
{268df61c-64b6-4acb-9a24-367835afd5f7},Waka Kotahi NZ Transport Agency,,1,5,-36.58757,174.66534
{19361a36-6112-4d3c-8925-49c05b8e1f32},Waka Kotahi NZ Transport Agency,,1,5,-41.21902,174.81042
{c8255099-a039-4e13-ae80-bdcd3df63bcf},Waka Kotahi NZ Transport Agency,,1,5,-41.18538,174.83130
{829d1950-3bd8-4b9b-b940-b070afdc6195},Waka Kotahi NZ Transport Agency,,1,5,-39.03546,174.14796
{a7a294ec-c818-42c6-8076-55b6326bac51},Waka Kotahi NZ Transport Agency,,1,5,-46.36961,168.34740
{3c82934d-ea91-4dd9-b391-c6189c1923a5},Waka Kotahi NZ Transport Agency,,1,5,-40.86615,175.04034
{71cceae3-957b-4a87-a9be-b1f4d39c99be},Waka Kotahi NZ Transport Agency,,1,5,-37.50388,175.16534
{644e9450-415f-424a-babe-014c61396514},Waka Kotahi NZ Transport Agency,,1,5,-43.55020,172.57410
{eb9efb94-7291-4e00-9427-2335c08099c8},Waka Kotahi NZ Transport Agency,,1,5,-40.91141,174.99604
{04fe861a-cc7a-4993-b967-52b23a99cd8d},Waka Kotahi NZ Transport Agency,,1,5,-41.24263,174.81238
{a07be8ad-29a8-4603-9b79-a6ad58c66e37},Waka Kotahi NZ Transport Agency,,1,5,-40.22503,175.56732
{2050f9c9-36f9-4f50-9f58-5fb674e61611},Waka Kotahi NZ Transport Agency,urban,1,5,-37.68282,176.22569
{f13d0fec-f8f7-4cc2-bc0e-bc0b6e77684f},Waka Kotahi NZ Transport Agency,,1,5,-37.87671,175.32355
{e3bf382f-7be7-4509-9bb0-ff971eda7e3b},Waka Kotahi NZ Transport Agency,,1,5,-37.69667,176.15356
{8b4a1862-c6f1-4572-b759-2d0fab17acfd},Waka Kotahi NZ Transport Agency,,1,5,-35.72708,174.30966
{d7ec3786-436d-4baa-86cd-22e7d612ebc5},Waka Kotahi NZ Transport Agency,,1,5,-43.48608,172.63096
{4ef88bee-0e43-4003-a88f-73317bfdd996},Waka Kotahi NZ Transport Agency,,1,5,-38.62316,176.09956
{6caa5f56-f29d-4147-95af-a3cd42300041},Waka Kotahi NZ Transport Agency,rural,1,5,-46.44696,168.35868
{6a5699f1-3c6f-4fbc-8e9c-5dc199a25f1d},Waka Kotahi NZ Transport Agency,,1,5,-38.73921,176.07280
{e34f68d2-e45c-438d-8359-7ee1e52dbbfd},Waka Kotahi NZ Transport Agency,,1,5,-41.07345,174.87512
{3b73e426-63e2-4863-beb8-7baea6e99236},Waka Kotahi NZ Transport Agency,,1,5,-46.41777,168.34750
{34141b2d-42fe-4b81-96a6-a09664a2d74a},Waka Kotahi NZ Transport Agency,rural,1,5,-36.96613,174.79604
{5d5004d4-3b95-4767-a8bf-17e7a5714af4},Waka Kotahi NZ Transport Agency,,1,5,-36.84357,174.75032
{b72b98c3-10a0-47bd-9c12-6ddfffb2a08c},Waka Kotahi NZ Transport Agency,,1,5,-46.41296,168.34753
{892309d4-92d9-478c-b2fa-f666405a9634},Waka Kotahi NZ Transport Agency,,1,5,-41.07378,174.87521
{c1a93723-53cb-48d6-942d-c659eaa49531},Waka Kotahi NZ Transport Agency,,1,5,-41.31207,174.79361
{8ce66ebd-c431-4915-91a7-7a0674a14cdc},Waka Kotahi NZ Transport Agency,,1,5,-41.20699,174.81774
{24d08ba5-5023-4c1b-ab45-47afcefc9113},Waka Kotahi NZ Transport Agency,,1,5,-41.14239,174.84450
{3da9fecd-5736-4b11-97b9-bd31bd17e78a},Waka Kotahi NZ Transport Agency,,1,5,-37.62214,175.20442
{59c59f95-596c-4b31-b38d-90101e890876},Waka Kotahi NZ Transport Agency,rural,1,5,-37.48952,175.15949
{70d25f6d-64a8-4fdb-ac0c-f563dd7802c7},Waka Kotahi NZ Transport Agency,,1,5,-45.09779,170.97030
{4917881d-bdd2-431a-ae0b-60a74a37f605},Waka Kotahi NZ Transport Agency,,1,5,-44.38934,171.24544
{5f915a94-9410-4e2a-bcf8-48c39957b0a6},Waka Kotahi NZ Transport Agency,rural,1,5,-41.13201,174.89988
{dbe958ab-2ac6-4b84-8589-f38b58d89ad4},Waka Kotahi NZ Transport Agency,,1,5,-40.77421,175.14431
{9a91b344-11e5-4190-91c2-0bb8b36515eb},Waka Kotahi NZ Transport Agency,,1,5,-45.90190,170.45075
{35ff55b1-e2be-4f2f-b8d2-a96a04849398},Waka Kotahi NZ Transport Agency,rural,1,5,-41.13237,174.90069
{c71b3b81-251d-45d8-8ffa-9166efd514f5},Waka Kotahi NZ Transport Agency,,1,5,-41.20171,174.82321
{e3731b3e-e168-4999-ba2f-9ac4cc5642ae},Waka Kotahi NZ Transport Agency,,1,5,-41.22927,174.80947
{9dff25c1-9e45-46ec-9523-afe3b050acf0},Waka Kotahi NZ Transport Agency,,1,5,-37.43050,175.13127
{d77fc4dc-82ec-4699-9e01-fd0b4656ae72},Waka Kotahi NZ Transport Agency,,1,5,-38.62330,176.09999
{6c1ac031-d481-437f-aa71-06be3e278afc},Waka Kotahi NZ Transport Agency,rural,1,5,-37.73592,176.10614
{ef69d7a9-77d6-4ffb-b5db-fa19d79d5b08},Waka Kotahi NZ Transport Agency,,1,5,-38.25206,175.18101
{e4bc2ac6-95c0-4864-b2b2-37fb83283d4a},Waka Kotahi NZ Transport Agency,,1,5,-37.73532,176.15217
{d9b9e168-5703-4e2d-a787-ab5ca1713b52},Waka Kotahi NZ Transport Agency,,1,5,-37.50995,175.52505
{71c7c5dd-b97e-4a87-9bbd-3f07e544d860},Waka Kotahi NZ Transport Agency,,1,5,-37.89757,175.50944
{f0ef49fe-88cd-458d-96dd-bc2d4c069e7f},Waka Kotahi NZ Transport Agency,,1,5,-37.10683,174.94790
{4c3ef3dc-4352-46e6-b278-a2d469b5763b},Waka Kotahi NZ Transport Agency,,1,5,-39.50030,176.88993
{6ba63e86-e015-4ccd-aa50-b35bb2c9dd41},Waka Kotahi NZ Transport Agency,,1,5,-40.83698,175.08928
{bbc4f9fd-e814-49cd-82df-446c7343a630},Waka Kotahi NZ Transport Agency,,1,5,-44.69440,169.14080
{f13f41e4-6ddb-430c-ab75-73cb87811634},Waka Kotahi NZ Transport Agency,,1,5,-43.47847,172.55638
{968705a5-cb15-4422-a779-1176ba8989f3},Waka Kotahi NZ Transport Agency,,1,4,-41.31743,174.80380
{6022ae1a-e43a-47ca-a23e-52c0a55606bf},Waka Kotahi NZ Transport Agency,,1,4,-37.78272,175.35164
{d8f33417-eb6f-4219-8eb8-baf122f41b7f},Waka Kotahi NZ Transport Agency,,1,4,-36.58730,174.66358
{3bb2ee99-4c7d-47d9-bc17-da7fb0ffb982},Waka Kotahi NZ Transport Agency,rural,1,4,-37.75507,176.10283
{89db87fe-e550-43ba-b279-a108ccb89107},Waka Kotahi NZ Transport Agency,,1,4,-45.89020,170.35616
{1b429bbc-4106-4e94-915f-1252702ba6fa},Waka Kotahi NZ Transport Agency,,1,4,-43.56122,172.52822
{2a45bbc0-21b9-45de-a2cf-8e0e0c10e763},Waka Kotahi NZ Transport Agency,,1,4,-43.52589,172.55218
{c82a3972-f795-4667-b1a5-1594e0a93c7d},Waka Kotahi NZ Transport Agency,,1,4,-39.03542,174.14794
{02d0167d-1ad2-473b-bfee-a18a6e03fa59},Waka Kotahi NZ Transport Agency,,1,4,-38.70443,176.11166
{c9ef6040-4747-4a2c-a0cf-ccad7c262473},Waka Kotahi NZ Transport Agency,,1,4,-36.84981,174.77726
{af1429f9-9212-4a51-9d6e-e6edf88550f0},Waka Kotahi NZ Transport Agency,,1,4,-43.37230,172.64766
{87035a2f-9967-473c-8728-dafef89b9e17},Waka Kotahi NZ Transport Agency,,1,4,-43.47576,172.55768
{4a5e1c0c-e717-470e-bfff-19da02000770},Waka Kotahi NZ Transport Agency,,1,4,-36.82123,174.74994
{f1f5d79e-e493-41fd-b73d-bad642dc0ee8},Waka Kotahi NZ Transport Agency,,1,4,-40.98282,174.97023
{68477e46-fb29-4026-8b66-352576f0e2e0},Waka Kotahi NZ Transport Agency,,1,4,-41.26707,173.27805
{8483fabe-af19-461c-8bf5-892e26a9b874},Waka Kotahi NZ Transport Agency,rural,1,4,-37.80189,176.40136
{76504262-c8cd-4f74-bfee-dfab94d5221f},Waka Kotahi NZ Transport Agency,,1,4,-43.42062,172.64850
{d49ae015-9616-472d-a8eb-9fe73cb88693},Waka Kotahi NZ Transport Agency,,1,4,-41.31662,174.80872
{37658e1e-8e6c-48b3-bea2-f2fc9ccb4402},Waka Kotahi NZ Transport Agency,,1,4,-40.86664,175.03921
{e1455a3e-903f-4255-a305-7b0004ef6530},Waka Kotahi NZ Transport Agency,rural,1,4,-39.52074,176.87780
{e98c3507-bdad-4cf0-9ee9-89ccb798c77a},Waka Kotahi NZ Transport Agency,,1,4,-43.54975,172.66135
{4dfc6ad0-1a04-4f76-94a5-5231a3d29086},Waka Kotahi NZ Transport Agency,,1,4,-37.82799,175.35782
{3f69d256-595e-478b-89f4-8d3d659c6d62},Waka Kotahi NZ Transport Agency,,1,4,-43.56052,172.45982
{119c117d-5d75-4939-a4b9-492089062f6f},Waka Kotahi NZ Transport Agency,,1,4,-43.58102,172.41185
{0ae1aaa7-fabb-49c0-831e-801a4825ea0e},Waka Kotahi NZ Transport Agency,,1,4,-40.22510,175.56729
{7bd306a4-e09a-452c-b04b-ff9794124e7b},Waka Kotahi NZ Transport Agency,,1,4,-44.69636,169.17066
{2c04c98a-89d8-471c-a948-59e16a0996fa},Waka Kotahi NZ Transport Agency,,1,4,-35.71016,174.31333
{b058c271-f654-48d2-9d14-21741cab2d30},Waka Kotahi NZ Transport Agency,,1,4,-43.50046,172.70109
{a11d0f47-472b-411d-b640-230f2c297f88},Waka Kotahi NZ Transport Agency,,1,4,-43.57083,172.69333
{3ebfc19d-5070-43e1-9451-d8e365644fa0},Waka Kotahi NZ Transport Agency,,1,4,-35.08224,173.76204
{1b52c574-223c-41dc-b6c6-bbfed298c76d},Waka Kotahi NZ Transport Agency,,1,4,-44.38934,171.24550
{75fb66ff-bce4-460e-8c45-85453dcf1b5d},Waka Kotahi NZ Transport Agency,rural,1,4,-37.64620,175.96556
{c7bde2dc-8dd6-4064-b8d6-817dba202b3d},Waka Kotahi NZ Transport Agency,,1,4,-40.93956,174.99356
{c6f0c7db-c30e-458a-8bd7-b9f0f298dcbf},Waka Kotahi NZ Transport Agency,,1,4,-39.94835,175.05105
{70cd1f99-77ba-4024-8ad6-187595fdec12},Waka Kotahi NZ Transport Agency,,1,4,-37.51036,175.52523
{f6e7e382-ff7d-4d95-a41f-34e8c56884c5},Waka Kotahi NZ Transport Agency,,1,4,-39.49520,176.89643
{38b79d02-0083-4c68-8326-7f2f3abc616e},Waka Kotahi NZ Transport Agency,rural,1,4,-36.51976,174.67145
{df8b4ede-158c-41aa-83a5-db072effcc34},Waka Kotahi NZ Transport Agency,,1,4,-41.04698,174.87997
{2956ccf6-6a6c-4887-ab7d-a96d82008b8e},Waka Kotahi NZ Transport Agency,rural,1,4,-37.80292,176.39953
{3dc667d4-f65b-4ac1-ab93-974aa8267f11},Waka Kotahi NZ Transport Agency,,1,4,-43.53266,172.56745
{1ea04ce4-e3a4-427b-851a-2df653a7eaeb},Waka Kotahi NZ Transport Agency,rural,1,4,-40.90965,175.01793
{53995577-31a6-41dd-b5b6-84fab3fe4f89},Waka Kotahi NZ Transport Agency,,1,4,-43.56055,172.45984
{e155583d-a6dd-44ee-90c3-8f3297c31f4d},Waka Kotahi NZ Transport Agency,,1,4,-44.69645,169.17124
{f26a543c-f65b-4d7f-b019-90bca08861df},Waka Kotahi NZ Transport Agency,,1,4,-37.86439,175.45672
{3b512ddc-eff3-4740-a0a2-9d00f105e197},Waka Kotahi NZ Transport Agency,,1,4,-41.31703,174.80365
{3527de07-0571-403a-be65-5f09178239be},Waka Kotahi NZ Transport Agency,rural,1,4,-40.93934,174.99248
{f46e4eb6-5748-48f3-8aea-2bef6a90fd14},Waka Kotahi NZ Transport Agency,,1,4,-40.97118,174.98344
{c60eb8d2-c868-4428-b759-fa3109cf54f9},Waka Kotahi NZ Transport Agency,rural,1,4,-37.70301,176.14577
{2fc20eed-90e2-4c41-b47a-cb0e24a8bbe3},Waka Kotahi NZ Transport Agency,,1,4,-45.89229,170.49279
{ef2ff09a-dfea-4d2e-9858-1eb47181ebbe},Waka Kotahi NZ Transport Agency,rural,1,4,-41.13182,174.89947
{682e49b0-9534-4dca-92ab-ded7c9e68c77},Waka Kotahi NZ Transport Agency,,1,4,-36.84978,174.77723
{459f65c3-3d59-4c39-b316-c0b367993ca7},Waka Kotahi NZ Transport Agency,,1,4,-44.40010,171.24854
{dac91bf1-f6e3-4419-94c1-4b170d4b81bc},Waka Kotahi NZ Transport Agency,,1,4,-37.61106,175.19113
{ac464715-29a0-4391-9b65-78d18908f2a6},Waka Kotahi NZ Transport Agency,,1,4,-39.05506,174.09050
{21b91f3d-0095-4fe9-a20c-7f9e16445f0b},Waka Kotahi NZ Transport Agency,,1,4,-37.62167,175.20439
{1acb97f2-a349-4b3b-9067-b3529cdee9ca},Waka Kotahi NZ Transport Agency,,1,4,-37.73533,176.15222
{d49382cc-7c08-4a48-89b2-400caa543e91},Waka Kotahi NZ Transport Agency,,1,4,-37.79626,175.33290
{631f0956-8b22-484b-ba2d-2218c0cd0839},Waka Kotahi NZ Transport Agency,rural,1,4,-36.75031,174.72759
{19d3dc0d-9954-4322-8fe2-ea01e0841d45},Waka Kotahi NZ Transport Agency,,1,4,-41.11898,174.85535
{b56c7f72-e7f3-4723-940f-cc74d32ec057},Waka Kotahi NZ Transport Agency,,1,4,-37.77752,175.33499
{702afd69-e4c6-47b2-a509-34224ce782ee},Waka Kotahi NZ Transport Agency,,1,4,-38.22133,175.87499
{a41b44ed-851d-4342-8f24-713a2282a497},Waka Kotahi NZ Transport Agency,rural,1,4,-37.75200,176.10325
{030031a6-59a4-4ba8-85b0-f890d3478748},Waka Kotahi NZ Transport Agency,,1,4,-37.43053,175.13100
{fa9c92e8-2b99-410a-862e-c6c4e1867733},Waka Kotahi NZ Transport Agency,,1,4,-40.90583,175.02155
{5d45d638-a25d-4d0a-8ac7-28ff996f0d05},Waka Kotahi NZ Transport Agency,,1,4,-35.72706,174.30962
{7d442486-cad3-4374-a318-67aa87f145bf},Waka Kotahi NZ Transport Agency,,1,4,-41.10178,174.87010
{a0204992-1ea0-4f67-99a5-0b7a79d65704},Waka Kotahi NZ Transport Agency,rural,1,4,-37.80188,176.40141
{51d90635-d0eb-49f2-93ff-8596e0f311f7},Waka Kotahi NZ Transport Agency,,1,4,-41.12987,174.97435
{2e371aa0-43d2-4df4-b121-4032eef28ee2},Waka Kotahi NZ Transport Agency,,1,4,-41.11322,174.91897
{9fdb6b39-8df0-4018-89ed-d98cf181363b},Waka Kotahi NZ Transport Agency,,1,4,-37.62182,175.20401
{b3d71ee6-ba22-4073-811f-543f5a03c5fb},Waka Kotahi NZ Transport Agency,rural,1,4,-41.13259,174.90086
{c1d2bd96-3fda-42cb-9506-5a966aa2d18c},Waka Kotahi NZ Transport Agency,,1,4,-41.12448,175.03266
{88b18f79-e10e-4625-8fbb-bac2e1021e41},Waka Kotahi NZ Transport Agency,,1,4,-39.05510,174.09049
{7b58a855-44ce-464b-a247-93ef4c7d223c},Waka Kotahi NZ Transport Agency,,1,4,-41.18892,174.83152
{85599853-4b84-4936-8b32-f50784d41b39},Waka Kotahi NZ Transport Agency,,1,4,-37.98553,175.76750
{970b35f9-40e8-454c-8e25-6c685e835bd6},Waka Kotahi NZ Transport Agency,,1,4,-40.98306,174.97050
{e1c543f7-2da2-40d1-9871-7793903e83b8},Waka Kotahi NZ Transport Agency,,1,4,-44.41105,171.24932
{cc04e52c-17af-477a-a536-04a96995d911},Waka Kotahi NZ Transport Agency,,1,4,-37.80614,175.33042
{7c360327-6b95-4c9f-a0b0-1f837db5146d},Waka Kotahi NZ Transport Agency,,1,4,-39.05146,174.10379
{b0f93171-0732-4dd6-b0eb-cc606e33a4e5},Waka Kotahi NZ Transport Agency,,1,4,-36.88905,174.79793
{7a08bec1-6e40-4d8f-b2c7-b53b92dfaaf6},Waka Kotahi NZ Transport Agency,,1,4,-46.14139,168.32522
{70b156bc-e425-40fd-af7f-58e6afe04771},Waka Kotahi NZ Transport Agency,rural,1,4,-37.80290,176.39957
{da175116-f694-465c-8260-213fa1b605ce},Waka Kotahi NZ Transport Agency,rural,1,4,-37.72378,176.17369
{c4d37901-06ec-4318-875b-eaa0efe5833e},Waka Kotahi NZ Transport Agency,,1,4,-41.32144,173.21111
{5b360401-41f1-48b6-b596-226d33f1ba56},Waka Kotahi NZ Transport Agency,rural,1,4,-37.70934,176.13247
{edfa1957-6b43-4b75-8a4b-ae04cb916c5d},Waka Kotahi NZ Transport Agency,,1,4,-43.47846,172.55606
{be7e8752-2815-441f-a9cb-c4cf9d6273d3},Waka Kotahi NZ Transport Agency,,1,4,-41.12820,174.84552
{a32c2fa1-dc4c-4b13-8fa2-a35cdbb4d93d},Waka Kotahi NZ Transport Agency,,1,4,-43.47899,172.55632
{54db318d-95a0-4b80-b9c1-3da15090bacf},Waka Kotahi NZ Transport Agency,,1,4,-41.33182,173.20172
{5e59fc1f-ba2c-4037-ab03-a5ef2771aeda},Waka Kotahi NZ Transport Agency,,1,4,-37.98515,175.76683
{920d815c-b5ef-4cee-8e55-453890e122fc},Waka Kotahi NZ Transport Agency,,1,4,-41.27861,174.77348
{648f152e-28ae-4f49-a295-5acad92974cb},Waka Kotahi NZ Transport Agency,,1,4,-43.50482,172.54297
{80eca2ad-7ede-4f89-b168-7fe81a6b0be3},Waka Kotahi NZ Transport Agency,,1,4,-39.05340,174.09715
{dfa27dc9-9fce-4423-a5d0-d19be9d50e20},Waka Kotahi NZ Transport Agency,,1,4,-45.03483,169.19979
{b01d2d10-f01e-405e-86ff-9ddf3fecad93},Waka Kotahi NZ Transport Agency,,1,4,-41.26323,173.27111
{fbc3b968-71e4-4e7b-86d7-1b13918e9668},Waka Kotahi NZ Transport Agency,,1,4,-36.58788,174.66534
{ac06db1e-1c0a-4848-b1c8-24651220e89d},Waka Kotahi NZ Transport Agency,,1,4,-44.69427,169.15629
{ec933242-d2fc-4905-a79e-1a5fb7eafcc9},Waka Kotahi NZ Transport Agency,,1,4,-39.49516,176.89643
{5d928945-8cab-468a-9cdc-87f5f5d8415e},Waka Kotahi NZ Transport Agency,,1,4,-37.77715,175.33471
{392a8417-75f3-4e8f-9068-c4c5306d5149},Waka Kotahi NZ Transport Agency,,1,4,-41.24261,174.81311
{c3f92a4c-2cb3-4698-a0db-b4f8b340b7f6},Waka Kotahi NZ Transport Agency,,1,4,-37.41814,175.12623
{47aa8104-aa68-49a4-9422-ceebda9e49b9},Waka Kotahi NZ Transport Agency,rural,1,4,-36.93714,174.85369
{b090cefe-67f6-4f51-90c8-0972d1de268a},Waka Kotahi NZ Transport Agency,rural,1,4,-37.48956,175.16116
{cd2ffea7-e057-4c44-abb3-a08d6e529d4d},Waka Kotahi NZ Transport Agency,,1,4,-45.89630,170.46290
{f89f9a30-559c-48b1-8cd8-5722137d1cef},Waka Kotahi NZ Transport Agency,,1,4,-41.24254,174.82158
{84bd743a-b799-4f32-94ee-8ecc4f3b00d0},Waka Kotahi NZ Transport Agency,,1,4,-37.78311,175.35123
{2e594ec0-d071-4115-a7f0-e05d8bd24ab3},Waka Kotahi NZ Transport Agency,,1,4,-39.03849,174.13950
{cc63260c-af2e-487b-9f94-8585bc2c8c33},Waka Kotahi NZ Transport Agency,rural,1,4,-37.76830,176.11569
{92d07d90-bab3-47c1-a450-b5cd70103dad},Waka Kotahi NZ Transport Agency,,1,4,-40.94472,175.66933
{38faa550-194f-41c8-9b80-f764a750ade2},Waka Kotahi NZ Transport Agency,,1,4,-37.98509,175.76751
{e477b9ab-cf01-499b-9853-56fbf5e0b551},Waka Kotahi NZ Transport Agency,,1,4,-37.61928,175.20531
{e87917a4-f439-4662-81b7-1c5462a890d5},Waka Kotahi NZ Transport Agency,,1,4,-40.98075,175.58541
{ef40b1e5-346e-407a-a61b-10fdb89c99cc},Waka Kotahi NZ Transport Agency,,1,4,-38.70444,176.11231
{24b57dd3-4c81-46ff-b2e6-2344f8bed017},Waka Kotahi NZ Transport Agency,,1,4,-36.83675,174.74153
{8b107168-f525-4d33-86f4-2d683bf82589},Waka Kotahi NZ Transport Agency,,1,4,-43.54926,172.58259
{7f2a1942-1750-4f90-9d77-3ba9d449305f},Waka Kotahi NZ Transport Agency,,1,4,-36.81222,174.75025
{66a63fd4-1a90-46cc-870a-19690be8571a},Waka Kotahi NZ Transport Agency,rural,1,4,-37.73588,176.10612
{4d502f89-18cd-4a25-924c-cd08ee972b9a},Waka Kotahi NZ Transport Agency,,1,4,-38.25227,175.18072
{cb664302-1731-4e59-9ac3-96a7613b6303},Waka Kotahi NZ Transport Agency,,1,4,-40.45605,175.83811
{4565af80-05cd-45b9-9428-4d90f7254643},Waka Kotahi NZ Transport Agency,,1,4,-40.84585,175.08431
{98f67ef8-9b8a-47ff-aa1b-3e0b282be078},Waka Kotahi NZ Transport Agency,rural,1,4,-37.72381,176.17372
{8dc7b71e-f14f-41e7-b91d-ffa3658b5ea0},Waka Kotahi NZ Transport Agency,,1,4,-41.24579,174.81671
{aaf63ca3-b52a-4e1d-aa9f-53e7e19ba09c},Waka Kotahi NZ Transport Agency,,1,4,-40.89303,175.03224
{73e4e5d6-dc2b-471f-8ee6-b5237fea4800},Waka Kotahi NZ Transport Agency,,1,4,-41.26320,173.27114
{76a70b00-b03e-4262-bed6-f131dbf6046b},Waka Kotahi NZ Transport Agency,,1,4,-38.70421,176.11194
{5fdca97f-eaec-4234-b22c-5697dbf8334d},Waka Kotahi NZ Transport Agency,,1,4,-46.14517,168.32672
{c4800e31-ea78-4e8f-b2c2-d35f6051f722},Waka Kotahi NZ Transport Agency,,1,4,-46.14138,168.32517
{ed777ada-9b2d-4e13-be88-e29246f480ab},Waka Kotahi NZ Transport Agency,,1,4,-41.12402,175.03370
{ff9129ff-d04b-4b3b-8dd7-7f4beb602fbd},Waka Kotahi NZ Transport Agency,,1,4,-41.11330,174.91876
{d9b1d12c-1095-4c8c-bdb4-260424f869a9},Waka Kotahi NZ Transport Agency,,1,4,-36.95840,174.79759
{1d3720ca-4a11-4812-9224-681ed5c4b08e},Waka Kotahi NZ Transport Agency,,1,4,-40.84030,175.08540
{c3a1102c-14d2-4464-8889-5d1656f7cde3},Waka Kotahi NZ Transport Agency,,1,4,-35.38064,174.07167
{7c796bfd-90c8-42bb-be7b-a84af9bebe2c},Waka Kotahi NZ Transport Agency,,1,4,-37.10371,174.94478
{d35bfe1e-0977-40c3-a8f9-8f3d5d822d50},Waka Kotahi NZ Transport Agency,,1,4,-35.20660,173.91781
{594f5d6a-9db7-4f40-98fd-6463e88afa3b},Waka Kotahi NZ Transport Agency,,1,4,-40.93926,174.99367
{27e420f1-43a9-4e64-a4ce-df1bda45a077},Waka Kotahi NZ Transport Agency,,1,4,-37.77814,175.33297
{0096250e-12bc-44c7-b103-3794c9f98097},Waka Kotahi NZ Transport Agency,,1,4,-39.05337,174.09716
{37711f5c-0e08-49cf-918f-cbb518b2459f},Waka Kotahi NZ Transport Agency,,1,4,-43.54667,172.57657
{fe499e97-9904-474e-8155-03cdbfd6e669},Waka Kotahi NZ Transport Agency,,1,4,-36.75084,174.72554
{f4e4d5df-bb74-4498-9049-80116b6b5f2b},Waka Kotahi NZ Transport Agency,,1,4,-37.89867,175.51115
{a3569290-cec9-4ece-a62b-c287be784fac},Waka Kotahi NZ Transport Agency,,1,4,-35.20632,173.91751
{4632ca61-d054-41af-8a48-3242c2d4aee3},Waka Kotahi NZ Transport Agency,,1,4,-37.77781,175.33297
{0e027775-3a6f-403e-a7d4-51e5d1c5a802},Waka Kotahi NZ Transport Agency,,1,4,-35.72104,174.31504
{f90575f6-f366-487d-8f4b-f39d38ff7b77},Waka Kotahi NZ Transport Agency,rural,1,4,-40.98282,174.97057
{0ffdf21e-589b-4021-b4e5-d94837d6bc97},Waka Kotahi NZ Transport Agency,,1,4,-43.38361,172.64261
{37f372f4-3280-48cf-ad0b-ba3e81c8a70e},Waka Kotahi NZ Transport Agency,rural,1,4,-41.13176,174.89969
{81910962-baa1-4666-a49c-50f182a204b6},Waka Kotahi NZ Transport Agency,,1,4,-43.48376,172.63010
{b4793f4b-9515-4175-95df-118ec97570a7},Waka Kotahi NZ Transport Agency,,1,4,-35.38070,174.07146
{dd3458fe-792e-4fc3-982c-e238689a4c9f},Waka Kotahi NZ Transport Agency,,1,4,-39.30640,176.71548
{90c5e41b-587e-455c-ad66-4d72aa877c03},Waka Kotahi NZ Transport Agency,,1,4,-44.41105,171.24937
{28a42047-33a9-40fd-8a31-0a93e89bd3f0},Waka Kotahi NZ Transport Agency,rural,1,4,-37.45283,175.88848
{87f786ed-7503-4bcd-ab1c-0109ec466708},Waka Kotahi NZ Transport Agency,,1,4,-41.28716,174.77173
{be32a9c1-4741-45e3-8acb-184fe3ea8a28},Waka Kotahi NZ Transport Agency,,1,4,-41.21735,174.87957
{aac7dd0d-ce8f-4f52-9a48-1ecb82c29d23},Waka Kotahi NZ Transport Agency,,1,4,-45.48497,170.71488
{decca4aa-d39f-49fd-aece-de115366389d},Waka Kotahi NZ Transport Agency,,1,4,-38.13531,176.23487
{369745db-447a-4c70-8891-64dbb7698d32},Waka Kotahi NZ Transport Agency,,1,4,-41.11754,175.04782
{637ea315-249a-4378-965c-4a0d11bf043f},Waka Kotahi NZ Transport Agency,,1,4,-46.40939,168.37961
{d01c9d02-bce5-46aa-91e2-873bad443027},Waka Kotahi NZ Transport Agency,,1,4,-38.25255,175.18100
{0b832b81-957e-44bb-9f2a-1b8adfb78322},Waka Kotahi NZ Transport Agency,,1,4,-36.75099,174.72563
{3d3a9d9a-2577-4c52-9f18-71fb45c7ae6e},Waka Kotahi NZ Transport Agency,,1,4,-37.10708,174.94729
{b2d63b25-5ec8-415f-951b-a95dace9f62a},Waka Kotahi NZ Transport Agency,,1,4,-41.22399,174.85813
{24d0b79b-70b2-40dd-a1f5-bbca82d1236e},Waka Kotahi NZ Transport Agency,,1,4,-37.25126,175.02978
{ece072f9-c489-4b13-bf8d-2565a66bdf21},Waka Kotahi NZ Transport Agency,rural,1,4,-35.78040,174.30800
{68746f62-9d84-4f3e-9533-050414170c2b},Waka Kotahi NZ Transport Agency,,1,4,-40.90822,175.01932
{119b8e9d-dd30-4b30-9e41-e85565e85ca8},Waka Kotahi NZ Transport Agency,,1,4,-37.62149,175.20659
{73effc95-3ce5-4780-9a42-5ac9207ced8a},Waka Kotahi NZ Transport Agency,,1,4,-43.54656,172.58334
{c356dced-145d-43a0-85be-cac5f63e494d},Waka Kotahi NZ Transport Agency,rural,1,4,-37.63832,175.96286
{b8c92a83-d294-4f35-9aed-a34cb3e57861},Waka Kotahi NZ Transport Agency,,1,4,-38.22132,175.87503
{4c831d51-3efb-4a4c-89a1-66e4efcf65d7},Waka Kotahi NZ Transport Agency,,1,4,-37.89865,175.51117
{59675d18-0d77-4eb4-ada7-7cf1e879bd06},Waka Kotahi NZ Transport Agency,,1,4,-39.43946,176.87057
{289d8e45-50d7-4971-8bd7-689527dfdcb1},Waka Kotahi NZ Transport Agency,,1,4,-41.12644,175.02772
{78204674-1822-4e0d-a92c-3568e5930d63},Waka Kotahi NZ Transport Agency,,1,4,-41.26710,173.27809
{ada37c7c-ff85-48c8-a61b-456f320dfddd},Waka Kotahi NZ Transport Agency,,1,4,-37.22869,175.02071
{2f028d0e-f54a-496a-ae5c-9604431b795c},Waka Kotahi NZ Transport Agency,,1,4,-43.54635,172.58346
{aea55201-c9e5-4c55-aaf7-c45d85b7c87c},Waka Kotahi NZ Transport Agency,,1,4,-43.54720,172.57976
{12730aad-3856-4254-941f-b8d4534507cf},Waka Kotahi NZ Transport Agency,,1,4,-44.69438,169.15685
{2b4ccd00-ddba-4bef-86e5-0299100c2e82},Waka Kotahi NZ Transport Agency,rural,1,4,-41.29835,173.24449
{b6c6fd7c-35d3-40e1-8bb1-4acf247b082b},Waka Kotahi NZ Transport Agency,,1,4,-40.75333,175.16298
{b75e2d02-978c-4923-861f-42d4d7284888},Waka Kotahi NZ Transport Agency,rural,1,4,-37.70516,176.19074
{30fbf522-b5e9-4c0b-8bd3-9b052491d428},Waka Kotahi NZ Transport Agency,,1,4,-39.03861,174.13962
{06f38ba7-758a-40f5-bf09-bcba0d1363b6},Waka Kotahi NZ Transport Agency,,1,4,-42.45049,171.21076
{4b9f95f6-dbe9-483e-87f1-da5ea5b24942},Waka Kotahi NZ Transport Agency,rural,1,4,-37.93890,175.67066
{a31e44ec-5a77-4f3a-b347-9be3fd7464c8},Waka Kotahi NZ Transport Agency,,1,4,-39.03559,174.14737
{55c0dcab-c6ba-42bc-b2a3-d72d2cae515f},Waka Kotahi NZ Transport Agency,,1,4,-36.75074,174.72656
{eee7fc5c-2fe1-46f2-92c7-d89142f9da87},Waka Kotahi NZ Transport Agency,,1,4,-41.16065,174.97011
{c852a427-7ec9-4738-b0dd-6bf367d59eea},Waka Kotahi NZ Transport Agency,,1,4,-41.31837,173.21113
{446ba0b1-da79-424e-87f7-6b83eea6d278},Waka Kotahi NZ Transport Agency,,1,4,-35.69211,174.31208
{e8314a52-65d6-4dc6-bed6-c43797afd82f},Waka Kotahi NZ Transport Agency,,1,3,-39.54370,176.85960
{4097973a-2db8-4125-bdd1-aaf49271c45b},Waka Kotahi NZ Transport Agency,,1,3,-41.11967,175.04391
{ae03a79f-754a-44df-93c4-ba37666749de},Waka Kotahi NZ Transport Agency,,1,3,-37.61327,175.19462
{a356a3eb-b487-4213-948a-e9b42d557193},Waka Kotahi NZ Transport Agency,,1,3,-41.11711,175.04874
{65b770ba-a8e9-44ee-8165-db2e03ef00ee},Waka Kotahi NZ Transport Agency,,1,3,-35.30326,173.96228
{fce6ebde-3e77-4c98-a50b-c58b3a349391},Waka Kotahi NZ Transport Agency,,1,3,-36.85825,174.65435
{b69c8fa9-98d8-4307-856d-54e9e2d6ffcb},Waka Kotahi NZ Transport Agency,rural,1,3,-40.90987,175.01764
{a8b00f03-99e7-406d-acb2-c0bf217932df},Waka Kotahi NZ Transport Agency,,1,3,-38.73878,176.07260
{ee723b5b-d428-4536-914d-4cc08697f901},Waka Kotahi NZ Transport Agency,,1,3,-46.11520,168.93384
{ebf8a06d-e446-4b07-94f0-25681fab3dd3},Waka Kotahi NZ Transport Agency,,1,3,-40.96271,175.61283
{db16d484-bfbc-4f3e-96f0-933d67def40e},Waka Kotahi NZ Transport Agency,,1,3,-40.90692,175.02051
{f9f7dc4b-3fa4-42eb-844a-7c98cc6722cf},Waka Kotahi NZ Transport Agency,,1,3,-41.33066,173.20358
{0692726b-80c8-4fbd-a604-898ce2a612a9},Waka Kotahi NZ Transport Agency,,1,3,-42.45783,171.20552
{857486fa-cc34-4ed8-b008-6bf543f68cbd},Waka Kotahi NZ Transport Agency,,1,3,-35.38087,174.07172
{fa5d4a9a-8502-4ed2-8138-857ffdf6597d},Waka Kotahi NZ Transport Agency,,1,3,-41.11211,174.91754
{fe708148-89fd-4315-8147-44d7f47741e7},Waka Kotahi NZ Transport Agency,,1,3,-36.95838,174.79762
{f02c5a8b-8f7c-43d6-924e-3b5ff2d184f6},Waka Kotahi NZ Transport Agency,,1,3,-40.96315,174.98662
{a26cc98b-1d77-47f7-a86d-e905edbcdbf7},Waka Kotahi NZ Transport Agency,,1,3,-37.25007,175.02874
{1641afb6-cc74-4744-9336-c3e58dfb60ab},Waka Kotahi NZ Transport Agency,,1,3,-43.48583,172.62926
{26d7f649-e2dc-489a-a10d-2aaaa37a5362},Waka Kotahi NZ Transport Agency,,1,3,-43.37229,172.64762
{49a55832-22a4-47fa-8dc8-7b78cf2cd110},Waka Kotahi NZ Transport Agency,,1,3,-36.79561,174.59554
{8b494bb2-77a9-4166-b18c-7f3745583281},Waka Kotahi NZ Transport Agency,,1,3,-43.50120,172.54510
{cf3c46f9-c347-461f-ac2c-7e557be51ce6},Waka Kotahi NZ Transport Agency,rural,1,3,-37.93891,175.67070
{924e63c7-fa0d-42ef-9b92-f360f7c14ca3},Waka Kotahi NZ Transport Agency,,1,3,-37.94278,175.66615
{51e6a34d-4919-45dc-a647-2d5979b39d8c},Waka Kotahi NZ Transport Agency,,1,3,-43.45781,172.59751
{be549d73-df42-41fa-8a2a-e4a119db8b48},Waka Kotahi NZ Transport Agency,,1,3,-36.75059,174.72642
{b3db7978-4e30-4c42-8eff-959fbb4ca9dc},Waka Kotahi NZ Transport Agency,rural,1,3,-37.70517,176.19077
{db3e7b4d-5163-4651-8815-07a6b0e140bd},Waka Kotahi NZ Transport Agency,,1,3,-41.14345,174.99893
{eb6bd97c-92e2-43e9-b3d1-76726a81dd5e},Waka Kotahi NZ Transport Agency,,1,3,-37.61325,175.19466
{e063b64b-c976-4d43-b3de-bf2df36c8252},Waka Kotahi NZ Transport Agency,,1,3,-41.26717,173.27779
{cea10ac9-3d06-409c-8efe-0b09f7b15237},Waka Kotahi NZ Transport Agency,,1,3,-35.30352,173.96279
{dee69000-14a6-4f8a-8f8d-27efab2821f7},Waka Kotahi NZ Transport Agency,,1,3,-37.10686,174.94792
{4d0cbfa8-70f1-4515-aacc-16f454b474a9},Waka Kotahi NZ Transport Agency,,1,3,-39.54443,176.85952
{c09864d2-fa4f-4323-a31e-897136fb6592},Waka Kotahi NZ Transport Agency,,1,3,-37.51218,175.16653
{9e5b1e40-66d5-4b08-815c-4306ed9108dc},Waka Kotahi NZ Transport Agency,,1,3,-37.22872,175.02072
{1e1ba6d6-9d54-4a5c-9f6b-08cbb73f3af7},Waka Kotahi NZ Transport Agency,,1,3,-42.45786,171.20554
{4addc991-74d5-48dd-912b-1b08cf60387e},Waka Kotahi NZ Transport Agency,,1,3,-41.30074,174.78190
{0ad6e660-b798-4b1c-b9b3-4a7829789b03},Waka Kotahi NZ Transport Agency,rural,1,3,-37.69654,176.06950
{afc650fb-52a8-4d3b-9ee4-48b88e9b54d7},Waka Kotahi NZ Transport Agency,,1,3,-46.14516,168.32676
{7ac13fdf-ff2c-416c-842a-01aad75be9cd},Waka Kotahi NZ Transport Agency,,1,3,-36.60126,174.66134
{2c3cc1dd-e4f9-4b2c-8c80-b5c2a9558669},Waka Kotahi NZ Transport Agency,,1,3,-37.10917,174.94359
{e6fb0863-f88e-44c9-a9d3-102210e6a436},Waka Kotahi NZ Transport Agency,rural,1,3,-37.69524,176.11632
{cf06bdbb-d949-49d0-a365-0edfb4e5acf5},Waka Kotahi NZ Transport Agency,rural,1,3,-37.94724,175.65352
{2b1eed2c-60c1-4ca9-97dc-161184a7b63d},Waka Kotahi NZ Transport Agency,,1,3,-37.51031,175.52497
{25652609-ec92-482a-90ec-189389f264e6},Waka Kotahi NZ Transport Agency,,1,3,-36.79560,174.59557
{92b21495-86b8-411d-b127-649a5240bf6e},Waka Kotahi NZ Transport Agency,,1,3,-35.69212,174.31204
{ad87a9d4-a88c-413e-9397-eba2f7fe2854},Waka Kotahi NZ Transport Agency,,1,3,-43.57048,172.69085
{84e4509e-ac50-49f3-85ad-08d28f2d995f},Waka Kotahi NZ Transport Agency,,1,3,-39.59680,176.84717
{0dab0956-84d7-4878-af7e-1b6814a20430},Waka Kotahi NZ Transport Agency,rural,1,3,-37.69980,176.13153
{ec2251ea-e077-446f-9fd7-d4c9ffe25ff2},Waka Kotahi NZ Transport Agency,,1,3,-43.57249,172.69452
{2afcb9ae-cf25-47d9-9aa6-5f00aa7d8f60},Waka Kotahi NZ Transport Agency,,1,3,-39.51805,176.87828
{7757e311-502c-444a-bdfa-dbe5ae46038d},Waka Kotahi NZ Transport Agency,,1,3,-41.28717,174.77177
{0fc1333b-f8a0-45d8-8cf1-566bf049b8ab},Waka Kotahi NZ Transport Agency,,1,3,-41.11714,175.04875
{63b6c4ba-a210-4cce-a95b-df9a29f5f519},Waka Kotahi NZ Transport Agency,,1,3,-43.45769,172.59694
{38aeb6cb-74f9-4478-a0f6-2b3046c9cc02},Waka Kotahi NZ Transport Agency,,1,3,-44.69617,169.17118
{e3bad27f-aee3-414f-b780-ecd04cc931fb},Waka Kotahi NZ Transport Agency,,1,3,-41.12399,175.03368
{34dc6f05-a83c-4ac3-8a7c-1c480d14a939},Waka Kotahi NZ Transport Agency,,1,3,-41.14606,174.99280
{00df828a-c3ee-42b8-94e0-7846b044d066},Waka Kotahi NZ Transport Agency,rural,1,3,-37.76999,176.11621
{8aefc113-a801-4463-aec0-9869ff5b6d18},Waka Kotahi NZ Transport Agency,,1,3,-36.83675,174.74185
{74005266-4821-415b-8019-42d17c2e961a},Waka Kotahi NZ Transport Agency,,1,3,-37.10918,174.94362
{c7ae9549-1748-4b4b-b0dc-55b2a114c82b},Waka Kotahi NZ Transport Agency,,1,3,-41.11876,175.04514
{7c2642d5-157e-4428-b744-3fda5c0e3bcb},Waka Kotahi NZ Transport Agency,rural,1,3,-37.76999,176.11625
{7b8fd54e-aeb9-45f2-94fb-902571c1167c},Waka Kotahi NZ Transport Agency,,1,3,-43.48814,172.10571
{2f21b8fd-7828-413d-85dd-e9bb03cbbcfa},Waka Kotahi NZ Transport Agency,rural,1,3,-46.30888,168.77641
{5639c16b-fbd1-40b7-9dc2-9f782f7c3045},Waka Kotahi NZ Transport Agency,rural,1,3,-37.94321,175.66092
{61141e0b-6ca1-47cc-ba87-11bcb90550ed},Waka Kotahi NZ Transport Agency,,1,3,-38.55654,174.86843
{02cb7b57-ab97-4f3c-b8ae-d73264b6c981},Waka Kotahi NZ Transport Agency,rural,1,3,-37.48959,175.16122
{bf549677-c9f1-4f26-9186-a6d60f2a092e},Waka Kotahi NZ Transport Agency,,1,3,-35.70986,174.31327
{8ae1838e-83dc-48fd-8a71-a41fcd3e5109},Waka Kotahi NZ Transport Agency,,1,3,-41.12276,175.03800
{c875e71b-a0dd-4c1f-b7ad-c6bbf000b08a},Waka Kotahi NZ Transport Agency,,1,3,-46.41295,168.34751
{79d0d0c4-16fe-404b-8747-3237abccac16},Waka Kotahi NZ Transport Agency,,1,3,-46.42742,168.35085
{15a267c5-1ee0-4488-90c7-75d72ce3c5d0},Waka Kotahi NZ Transport Agency,,1,3,-40.51679,175.27614
{74ba240f-958c-4701-a070-13a63b721208},Waka Kotahi NZ Transport Agency,rural,1,3,-37.63832,175.96282
{f7f3685e-4580-451f-b8c4-d99d79bd57b1},Waka Kotahi NZ Transport Agency,,1,3,-40.51680,175.27618
{e5112f36-3b3c-48fb-9cda-56ea88adf68f},Waka Kotahi NZ Transport Agency,,1,3,-40.90582,175.02151
{99f4d61a-c1f5-4199-bb4a-9893001e55ff},Waka Kotahi NZ Transport Agency,,1,3,-39.49541,176.89541
{3d2569f2-ce0e-49ce-80fb-08efd9c259c8},Upper Hutt City Council,urban,1,3,-41.11659,175.06524
{d17882f7-660d-458e-a927-3d338ed13f74},Waka Kotahi NZ Transport Agency,,1,3,-40.49971,175.28299
{77de60a1-bcf8-46fe-9a27-7bc28e857f95},Waka Kotahi NZ Transport Agency,rural,1,3,-46.30918,168.77607
{1ea9013e-be95-4b8d-bfe9-5c6269fdde38},Waka Kotahi NZ Transport Agency,,1,3,-39.57224,176.84957
{6ab3ad41-58f9-48dd-96b2-cedd9eaae084},Waka Kotahi NZ Transport Agency,,1,3,-40.98102,175.58516
{ad7616dc-59bc-44fd-88cb-6b5e4de831a5},Waka Kotahi NZ Transport Agency,,1,3,-41.23072,174.81024
{7484e3f7-6f1b-47f8-baa7-878f24e46678},Waka Kotahi NZ Transport Agency,rural,1,3,-37.69623,176.07605
{d95c26e9-548a-482e-9363-79610a4ffe4a},Waka Kotahi NZ Transport Agency,,1,3,-40.94473,175.66936
{772854fd-f84c-4042-963d-f8df470e825a},Waka Kotahi NZ Transport Agency,,1,3,-41.11717,175.04877
{42409f11-7a60-4b5e-97fc-443de3c370a4},Waka Kotahi NZ Transport Agency,,1,3,-40.44800,175.84463
{17701c13-7859-4e67-8ec2-7686119963b5},Waka Kotahi NZ Transport Agency,rural,1,3,-37.69566,176.10510
{8e8b62b5-9691-4f70-9d9f-7411dd0441c0},Waka Kotahi NZ Transport Agency,,1,3,-37.51218,175.16650
{470edf9c-3b8b-4099-b44e-3a4b9ef4e7ec},Waka Kotahi NZ Transport Agency,,1,3,-40.96262,175.61311
{dae60027-8cbc-4970-9268-8dc95b0ccd7e},Waka Kotahi NZ Transport Agency,rural,1,3,-37.69564,176.10511
{0254946f-314e-41ec-a1a6-0330efb48ec4},Waka Kotahi NZ Transport Agency,rural,1,3,-40.90989,175.01767
{292ba7a6-d11e-46f8-9620-c6976ccca38c},Waka Kotahi NZ Transport Agency,urban,1,3,-37.66949,176.21300
{ce59f177-8acf-480d-a084-41b8acf242f3},Waka Kotahi NZ Transport Agency,urban,1,3,-37.66947,176.21302
{914df47b-7c34-4ce1-ac83-f6439b02a597},Waka Kotahi NZ Transport Agency,,1,3,-41.11618,175.06349
{9cda4c7d-8722-47f2-bd9d-163d632fdf58},Waka Kotahi NZ Transport Agency,,1,3,-46.42742,168.35089
{9b38b55b-1a04-4afe-a342-0634102177dd},Waka Kotahi NZ Transport Agency,rural,1,3,-36.53089,174.67727
{d6b7f16c-ad68-4f18-9d51-d0cc23762da7},Waka Kotahi NZ Transport Agency,rural,1,3,-37.69622,176.07607
{0d17ea1c-2a6f-4c71-8327-9310560c81d4},Waka Kotahi NZ Transport Agency,rural,1,3,-37.45180,175.88101
{bd088d70-ced4-4bff-8b4b-8e1c41efb93b},Waka Kotahi NZ Transport Agency,,1,3,-43.54401,172.52008
{82978c7f-d3fb-47b5-aee8-c759576ffc44},Waka Kotahi NZ Transport Agency,,1,3,-45.89630,170.46294
{1e6cd5c3-5397-4547-887e-e14b5a7428a9},Waka Kotahi NZ Transport Agency,,1,3,-38.14642,176.27995
{a2052d5b-761d-482f-b1b1-0a8602f76a17},Waka Kotahi NZ Transport Agency,rural,1,3,-37.64621,175.96552
{e7bcae15-ead8-4b56-b50c-f46b1eddc3c0},Waka Kotahi NZ Transport Agency,rural,1,3,-37.94726,175.65352
{c03ee761-7ac9-4201-8d1d-fad08f6098ae},Waka Kotahi NZ Transport Agency,,1,3,-35.69710,174.31435
{e7c66858-d75d-47ef-ae82-94dd8e5f4ea9},Upper Hutt City Council,urban,1,3,-41.11659,175.06527
{910dccbd-9dfb-473c-9607-c2ee67c73adf},Waka Kotahi NZ Transport Agency,,1,3,-37.25706,175.03883
{9db45187-b674-4c44-8328-5c46cd29985a},Waka Kotahi NZ Transport Agency,,1,3,-40.49970,175.28302
{821fbd22-3ae2-4862-9d91-de8a125dc1ca},Waka Kotahi NZ Transport Agency,,1,3,-39.54088,176.86037
{7e7391ca-e96a-4082-9bc9-172e1259d469},Waka Kotahi NZ Transport Agency,,1,3,-37.82795,175.35805
{b9693aa1-71c2-4cd1-8a71-1d2008270e3b},Waka Kotahi NZ Transport Agency,,1,3,-35.69710,174.31432
{829c89b2-faf3-4430-b270-f3f3949492b5},Waka Kotahi NZ Transport Agency,,1,3,-41.11605,175.06718
{0d9dce12-dcc3-4065-97d5-8be864ecfb48},Waka Kotahi NZ Transport Agency,,1,3,-46.41313,168.34746
{ac21ed31-7a68-4184-a3ea-b558fb05155c},Waka Kotahi NZ Transport Agency,,1,3,-39.54088,176.86040
{5679f0a4-2685-4363-af48-a0b3f7ac5437},Waka Kotahi NZ Transport Agency,,1,3,-45.89017,170.35615
{b6460142-f757-4a1d-b102-9c4b81742457},Waka Kotahi NZ Transport Agency,,1,3,-39.97777,176.56733
{fd8ceb3d-a7d1-42d2-b7bf-90d6e4c52109},Waka Kotahi NZ Transport Agency,,1,3,-41.00303,174.93412
{8db90d41-ed8a-4046-a128-e005aabd3cd2},Waka Kotahi NZ Transport Agency,rural,1,3,-37.69657,176.06951
{a5b6e114-7f1c-4c2d-8452-49580e325f25},Waka Kotahi NZ Transport Agency,,1,3,-39.55263,176.85664
{08eb8211-1999-42cf-9c8a-fd95174fc953},Waka Kotahi NZ Transport Agency,,1,3,-37.35238,175.08081
{be4d4a41-5c01-46f4-94af-26f31c1b2125},Waka Kotahi NZ Transport Agency,,1,3,-39.48193,176.87703
{a1c59be8-98c3-465a-812e-a0af6a4050d8},Waka Kotahi NZ Transport Agency,,1,3,-40.44799,175.84460
{b79983b0-d4a5-4f57-8ae6-69e26295ebab},Waka Kotahi NZ Transport Agency,rural,1,3,-37.45181,175.88098
{b089a14b-3f81-48c2-b77e-f5f7983adb3a},Waka Kotahi NZ Transport Agency,,1,3,-39.97778,176.56735
{4423c865-6ee1-4d47-a90d-bcd881bbe7ae},Waka Kotahi NZ Transport Agency,,1,3,-46.41293,168.34720
{eb9189a8-2b31-4360-a006-497dc9a53d63},Waka Kotahi NZ Transport Agency,rural,1,3,-37.94537,175.67141
{6b0a18de-eeb3-4150-9fbe-c66c998f2040},Waka Kotahi NZ Transport Agency,,1,3,-39.43947,176.87053
{db5e9a46-c0d6-4e80-ac65-2ca1970d7671},Waka Kotahi NZ Transport Agency,,1,3,-40.74497,175.16891
{d5728b20-6303-4c0b-97ee-fdc294543531},Waka Kotahi NZ Transport Agency,,1,2,-41.30088,173.23902
{bc868401-b9d4-4da4-adde-91bf278fda16},Waka Kotahi NZ Transport Agency,rural,1,2,-37.45285,175.88849
{7297e473-c218-4ced-bf11-6feb6c4860f7},Waka Kotahi NZ Transport Agency,,1,2,-41.02350,174.90610
{4167d1bc-3bab-4f3c-96d9-ad3fd26b9f85},Waka Kotahi NZ Transport Agency,,1,2,-39.48765,176.87585
{0c7f4683-fc51-4576-8257-7a505b894e2c},Waka Kotahi NZ Transport Agency,,1,2,-38.21438,175.87089
{d3970009-f179-422e-a92a-4a6df058b940},Waka Kotahi NZ Transport Agency,,1,2,-37.51093,175.52224
{1f0553aa-767b-4186-899f-c7ddba965f0a},Waka Kotahi NZ Transport Agency,,1,2,-43.48975,172.65649
{426b2e4c-3f33-46b2-909d-1dfcbcd5581c},Waka Kotahi NZ Transport Agency,,1,2,-39.55263,176.85661
{7d0faddb-6750-4a84-94d6-a4de0da32c79},Waka Kotahi NZ Transport Agency,,1,2,-39.59208,176.84873
{352f2fb8-085a-4ea0-b4f8-743ecec6801b},Waka Kotahi NZ Transport Agency,rural,1,2,-41.29905,173.24224
{d5e057ca-d29c-4400-83d7-523f90d2b185},Waka Kotahi NZ Transport Agency,rural,1,2,-41.29857,173.24452
{5c0555ef-6315-46ea-83ef-702f82572a3c},Waka Kotahi NZ Transport Agency,,1,2,-40.90615,175.02132
{834d7b76-a357-4642-b0c2-1504b65a7db6},Waka Kotahi NZ Transport Agency,,1,2,-39.56989,176.85009
{90c62ac7-9aea-4e7a-bf03-2601ef592003},Waka Kotahi NZ Transport Agency,,1,2,-37.86412,175.45662
{8890da08-9434-4ac1-a366-de9c4613932c},Waka Kotahi NZ Transport Agency,,1,2,-41.33491,173.18663
{d7356d21-8f32-4879-a64a-05171b23aa09},Waka Kotahi NZ Transport Agency,rural,1,2,-37.94323,175.66093
{6892a9df-597d-46b8-98b9-d40cd400b434},Waka Kotahi NZ Transport Agency,,1,2,-41.12279,175.03799
{fd2caa23-dbad-4a1d-aca9-3b2567569506},Waka Kotahi NZ Transport Agency,,1,2,-37.80617,175.33041
{60470cda-0a9f-4316-854f-2b8982f0485f},Waka Kotahi NZ Transport Agency,,1,2,-37.23643,175.02053
{6f0f7672-ccec-4383-8adb-6e0dfe7d07fd},Waka Kotahi NZ Transport Agency,,1,2,-39.59209,176.84875
{e9a2f107-c269-466f-a3ce-93ee399d665c},Waka Kotahi NZ Transport Agency,,1,2,-40.34194,175.64607
{58d079fe-2ae2-4e88-aad6-962dbbb2cbe7},Waka Kotahi NZ Transport Agency,,1,2,-39.59679,176.84714
{19a0eff5-a2de-4061-93f5-78e09b439ca9},Waka Kotahi NZ Transport Agency,,1,2,-39.48193,176.87700
{06e4273b-0cb0-4733-bdd7-9b3897ed07d3},Waka Kotahi NZ Transport Agency,rural,1,2,-37.94536,175.67143
{d1e76b83-593c-446e-9639-f0bbe16bff69},Waka Kotahi NZ Transport Agency,,1,2,-43.57045,172.69085
{be91118c-1eb0-4111-82b8-be1705cc5aeb},Waka Kotahi NZ Transport Agency,,1,2,-39.53640,176.86155
{d4be7d0f-21fd-4cae-8c77-6bf1d5f3c26b},Waka Kotahi NZ Transport Agency,,1,2,-45.01163,168.74139
{24995271-00ce-4a0c-8089-fbf05bb273db},Waka Kotahi NZ Transport Agency,,1,2,-39.56988,176.85007
{403a06ef-b93c-436f-a1ec-360daba6f6af},Waka Kotahi NZ Transport Agency,rural,1,2,-43.89853,171.75539
{7dcf3be5-0a78-4caf-ac12-38f163ef3775},Waka Kotahi NZ Transport Agency,,1,2,-39.48766,176.87587
{bcf8a3b0-f3b4-4920-9a25-81bf94f061ee},Waka Kotahi NZ Transport Agency,,1,2,-41.00302,174.93411
{a411e573-d377-4fcc-bdc4-6105480c17c5},Waka Kotahi NZ Transport Agency,rural,1,2,-36.60195,174.66334
{01ab8269-6886-453f-8feb-9268a423357a},Waka Kotahi NZ Transport Agency,,1,2,-37.82884,175.35723
{87322bc8-31df-48ed-a8df-7aa3967a1955},Waka Kotahi NZ Transport Agency,,1,2,-39.53640,176.86152
{51be0290-2fd6-4e19-b534-179bfa99e40c},Waka Kotahi NZ Transport Agency,,1,2,-43.54928,172.58257
{5b2bebf5-92db-4984-8f8a-422cc0c1b10f},Waka Kotahi NZ Transport Agency,,1,2,-39.57224,176.84954
{e799b569-a084-4b3a-80b2-5bd7cc5f23f2},Waka Kotahi NZ Transport Agency,,1,2,-39.51805,176.87831
{dc4d8ff3-d99f-4b08-bc45-fee9bd56b88e},Waka Kotahi NZ Transport Agency,,1,2,-37.51091,175.52224
{b7a07938-ffc2-49ce-bf81-b14e7fe9c9af},Waka Kotahi NZ Transport Agency,,1,2,-41.33489,173.18662
{6d5a48db-15ef-41b6-b0d4-2eb657868e10},Waka Kotahi NZ Transport Agency,,1,2,-41.12985,174.97438
{39c8a825-7a61-4d68-8a02-4a8ba9210e4f},Waka Kotahi NZ Transport Agency,,1,2,-41.29131,174.77178
{a7fb5d2f-0ef5-411f-b7dc-c02a272bd637},Waka Kotahi NZ Transport Agency,,1,2,-37.74036,175.20584
{f8d3a647-2d54-4285-bb41-822d92ccc50b},Waka Kotahi NZ Transport Agency,,1,2,-46.09900,168.94584
{0c6c730d-81cd-4841-aa82-d1d612ed5c25},Waka Kotahi NZ Transport Agency,,1,2,-37.50938,175.52803
{f4573c44-dc3e-498a-bb19-0d456d6097b4},Waka Kotahi NZ Transport Agency,rural,1,2,-35.78671,174.30558
{ab7aa84c-49ec-42ac-a680-0eae2d95f4ff},Waka Kotahi NZ Transport Agency,,1,2,-37.50999,175.52531
{fd7f3e34-92fd-43ff-a0cb-7aa4f88405d7},Waka Kotahi NZ Transport Agency,,1,2,-37.50936,175.52803
{41c73674-6ee9-46f8-8ab8-3554c262c099},Waka Kotahi NZ Transport Agency,,1,2,-37.62152,175.20700
{9d0a8246-848c-4633-a672-9046b9117536},Waka Kotahi NZ Transport Agency,,1,2,-39.49517,176.89364
{8d06cfc7-4677-4332-97fd-621b4761d210},Waka Kotahi NZ Transport Agency,,1,2,-41.02352,174.90612
{3a72b4fe-ff07-4124-babb-020ac93e7833},Waka Kotahi NZ Transport Agency,,1,2,-43.54403,172.52008
{1a1c05d2-7da8-46de-b1c0-b04c38079b97},Waka Kotahi NZ Transport Agency,,1,2,-37.13840,174.88330
{a390d7e7-dc75-4c18-8e66-a167ad16e69b},Waka Kotahi NZ Transport Agency,,1,2,-40.84904,175.08461
{eb10b5e1-84e1-47b8-a905-94b8d9ecad45},Waka Kotahi NZ Transport Agency,,1,2,-39.49502,176.89337
{5cadf77a-6692-4d42-865b-bdf5405fdce5},Waka Kotahi NZ Transport Agency,,1,2,-37.80235,175.31193
{a00877e2-5238-4e6a-abbc-bd1d72c7e0f9},Waka Kotahi NZ Transport Agency,,1,1,-40.98284,174.97056
{741f2458-8428-4116-bcb8-5a30aca4a274},Waka Kotahi NZ Transport Agency,,1,1,-39.49015,176.89241
{23d0d473-8719-4a4b-8af8-c5cc03ee5c48},Waka Kotahi NZ Transport Agency,,1,1,-38.62133,174.74305
{4b265c2f-e156-4df5-a372-966989da9765},Waka Kotahi NZ Transport Agency,,1,1,-39.75704,174.47507
{a1a5f0a6-0283-4f4c-a268-fde957394679},Waka Kotahi NZ Transport Agency,,1,1,-37.80162,175.30700
{78e04d6b-8283-4b6e-91b0-1e0265a96a79},Waka Kotahi NZ Transport Agency,,1,1,-40.84013,175.08714
{9525460e-7c56-47dd-be98-4acd6d01a40d},Waka Kotahi NZ Transport Agency,,1,1,-40.84012,175.08715
{22e56276-fdfe-4ac7-bbd2-ff9af50dd1f8},Waka Kotahi NZ Transport Agency,,1,1,-43.48976,172.66455
{d0100280-1984-45bc-914f-bc6cb13d817c},Waka Kotahi NZ Transport Agency,,1,1,-39.49517,176.89557
{6846e0bb-102a-409d-82e8-4d1d5b7d8839},Waka Kotahi NZ Transport Agency,,1,1,-46.09899,168.94603
{f0c33522-9f11-408f-af7f-b4975e7608ff},Waka Kotahi NZ Transport Agency,,1,0,-37.51014,175.52491
{25f05e27-e6dd-465f-a3fe-e30b28fffc19},Waka Kotahi NZ Transport Agency,,1,0,-39.49493,176.89363
{4ea82649-729d-4621-b4b9-8d0612f255a1},Waka Kotahi NZ Transport Agency,,1,0,-37.82861,175.35737
{7c0da065-b7a6-4cc3-a0d9-3c785b8c4b93},Waka Kotahi NZ Transport Agency,,1,0,-36.51739,174.67044
